{
  "resourceType" : "ValueSet",
  "id" : "gvhd-sct-codes",
  "text" : {
    "status" : "generated",
    "div" : "<div xmlns=\"http://www.w3.org/1999/xhtml\"><ul><li>Include codes from <a href=\"http://www.snomed.org/\"><code>http://snomed.info/sct</code></a> where concept  is-a  234646005 (Graft versus host disease)</li></ul></div>"
  },
  "url" : "http://example.org/ig/exampleig/ValueSet/gvhd-sct-codes",
  "version" : "0.1.0",
  "name" : "GVHDSCTVS",
  "title" : "GVHD SNOMED CT Codes",
  "status" : "active",
  "experimental" : true,
  "date" : "2023-05-02T11:11:03-05:00",
  "publisher" : "Example Publisher",
  "contact" : [{
    "name" : "Example Publisher",
    "telecom" : [{
      "system" : "url",
      "value" : "http://example.org/example-publisher"
    }]
  }],
  "description" : "GVHD SNOMED CT Codes",
  "compose" : {
    "include" : [{
      "system" : "http://snomed.info/sct",
      "filter" : [{
        "property" : "concept",
        "op" : "is-a",
        "value" : "234646005"
      }]
    }]
  }
}