<?xml version="1.0" encoding="UTF-8"?>

<ValueSet xmlns="http://hl7.org/fhir">
  <id value="gvhd-all-valueset"/>
  <text>
    <status value="generated"/><div xmlns="http://www.w3.org/1999/xhtml"><p>This value set includes codes based on the following rules:</p><ul><li>Import all the codes that are contained in <a href="ValueSet-gvhd-sct-codes.html">GVHD SNOMED CT Codes</a></li><li>Import all the codes that are contained in <a href="ValueSet-gvhd-icd10-codes.html">GVHD ICD-10 Codes</a></li></ul></div>
  </text>
  <url value="http://example.org/ig/exampleig/ValueSet/gvhd-all-valueset"/>
  <version value="0.2.0"/>
  <name value="GVHDTypeValueSet"/>
  <title value="GVHD Type Value Set"/>
  <status value="active"/>
  <experimental value="true"/>
  <date value="2023-05-02T15:00:31-05:00"/>
  <publisher value="Example Publisher"/>
  <contact>
    <name value="Example Publisher"/>
    <telecom>
      <system value="url"/>
      <value value="http://example.org/example-publisher"/>
    </telecom>
  </contact>
  <description value="Permissible values for types of Graft vs Host Disease, from SNOMED CT and ICD-10"/>
  <compose>
    <include>
      <valueSet value="http://example.org/ig/exampleig/ValueSet/gvhd-sct-codes"/>
    </include>
    <include>
      <valueSet value="http://example.org/ig/exampleig/ValueSet/gvhd-icd10-codes"/>
    </include>
  </compose>
</ValueSet>