{"resourceType":"ImplementationGuide","id":"fhir.example","text":{"status":"extensions","div":"<div xmlns=\"http://www.w3.org/1999/xhtml\"><h2>ExampleIG</h2><p>The official URL for this implementation guide is: </p><pre>http://example.org/ig/example/ImplementationGuide/fhir.example</pre></div>"},"url":"http://example.org/ig/example/ImplementationGuide/fhir.example","version":"0.1.0","name":"ExampleIG","status":"draft","date":"2023-04-26T11:15:05-05:00","publisher":"Example Publisher","contact":[{"name":"Example Publisher","telecom":[{"system":"url","value":"http://example.org/example-publisher"}]}],"packageId":"fhir.example","license":"CC0-1.0","fhirVersion":["4.0.1"],"dependsOn":[{"id":"hl7tx","extension":[{"url":"http://hl7.org/fhir/tools/StructureDefinition/implementationguide-dependency-comment","valueMarkdown":"Automatically added as a dependency - all IGs depend on HL7 Terminology"}],"uri":"http://terminology.hl7.org/ImplementationGuide/hl7.terminology","packageId":"hl7.terminology.r4","version":"5.0.0"},{"id":"hl7_fhir_us_core","uri":"http://hl7.org/fhir/us/core/ImplementationGuide/hl7.fhir.us.core","packageId":"hl7.fhir.us.core","version":"3.1.0"}],"definition":{"extension":[{"extension":[{"url":"code","valueString":"copyrightyear"},{"url":"value","valueString":"2023+"}],"url":"http://hl7.org/fhir/tools/StructureDefinition/ig-parameter"},{"extension":[{"url":"code","valueString":"releaselabel"},{"url":"value","valueString":"ci-build"}],"url":"http://hl7.org/fhir/tools/StructureDefinition/ig-parameter"},{"extension":[{"url":"code","valueString":"special-url"},{"url":"value","valueString":"http://cdebrowser.nci.nih.gov"}],"url":"http://hl7.org/fhir/tools/StructureDefinition/ig-parameter"},{"extension":[{"url":"code","valueString":"special-url"},{"url":"value","valueString":"http://www.genenames.org/geneId"}],"url":"http://hl7.org/fhir/tools/StructureDefinition/ig-parameter"},{"extension":[{"url":"code","valueString":"special-url"},{"url":"value","valueString":"http://www.glstring.org"}],"url":"http://hl7.org/fhir/tools/StructureDefinition/ig-parameter"},{"extension":[{"url":"code","valueString":"special-url"},{"url":"value","valueString":"http://terminology.nmdp.org/codesystem/practitionerrole"}],"url":"http://hl7.org/fhir/tools/StructureDefinition/ig-parameter"},{"extension":[{"url":"code","valueString":"autoload-resources"},{"url":"value","valueString":"true"}],"url":"http://hl7.org/fhir/tools/StructureDefinition/ig-parameter"},{"extension":[{"url":"code","valueString":"path-liquid"},{"url":"value","valueString":"template/liquid"}],"url":"http://hl7.org/fhir/tools/StructureDefinition/ig-parameter"},{"extension":[{"url":"code","valueString":"path-liquid"},{"url":"value","valueString":"input/liquid"}],"url":"http://hl7.org/fhir/tools/StructureDefinition/ig-parameter"},{"extension":[{"url":"code","valueString":"path-qa"},{"url":"value","valueString":"temp/qa"}],"url":"http://hl7.org/fhir/tools/StructureDefinition/ig-parameter"},{"extension":[{"url":"code","valueString":"path-temp"},{"url":"value","valueString":"temp/pages"}],"url":"http://hl7.org/fhir/tools/StructureDefinition/ig-parameter"},{"extension":[{"url":"code","valueString":"path-output"},{"url":"value","valueString":"output"}],"url":"http://hl7.org/fhir/tools/StructureDefinition/ig-parameter"},{"extension":[{"url":"code","valueString":"path-suppressed-warnings"},{"url":"value","valueString":"input/ignoreWarnings.txt"}],"url":"http://hl7.org/fhir/tools/StructureDefinition/ig-parameter"},{"extension":[{"url":"code","valueString":"path-history"},{"url":"value","valueString":"http://example.org/ig/example/history.html"}],"url":"http://hl7.org/fhir/tools/StructureDefinition/ig-parameter"},{"extension":[{"url":"code","valueString":"template-html"},{"url":"value","valueString":"template-page.html"}],"url":"http://hl7.org/fhir/tools/StructureDefinition/ig-parameter"},{"extension":[{"url":"code","valueString":"template-md"},{"url":"value","valueString":"template-page-md.html"}],"url":"http://hl7.org/fhir/tools/StructureDefinition/ig-parameter"},{"extension":[{"url":"code","valueString":"apply-contact"},{"url":"value","valueString":"true"}],"url":"http://hl7.org/fhir/tools/StructureDefinition/ig-parameter"},{"extension":[{"url":"code","valueString":"apply-context"},{"url":"value","valueString":"true"}],"url":"http://hl7.org/fhir/tools/StructureDefinition/ig-parameter"},{"extension":[{"url":"code","valueString":"apply-copyright"},{"url":"value","valueString":"true"}],"url":"http://hl7.org/fhir/tools/StructureDefinition/ig-parameter"},{"extension":[{"url":"code","valueString":"apply-jurisdiction"},{"url":"value","valueString":"true"}],"url":"http://hl7.org/fhir/tools/StructureDefinition/ig-parameter"},{"extension":[{"url":"code","valueString":"apply-license"},{"url":"value","valueString":"true"}],"url":"http://hl7.org/fhir/tools/StructureDefinition/ig-parameter"},{"extension":[{"url":"code","valueString":"apply-publisher"},{"url":"value","valueString":"true"}],"url":"http://hl7.org/fhir/tools/StructureDefinition/ig-parameter"},{"extension":[{"url":"code","valueString":"apply-version"},{"url":"value","valueString":"true"}],"url":"http://hl7.org/fhir/tools/StructureDefinition/ig-parameter"},{"extension":[{"url":"code","valueString":"active-tables"},{"url":"value","valueString":"true"}],"url":"http://hl7.org/fhir/tools/StructureDefinition/ig-parameter"},{"extension":[{"url":"code","valueString":"fmm-definition"},{"url":"value","valueString":"http://hl7.org/fhir/versions.html#maturity"}],"url":"http://hl7.org/fhir/tools/StructureDefinition/ig-parameter"},{"extension":[{"url":"code","valueString":"propagate-status"},{"url":"value","valueString":"true"}],"url":"http://hl7.org/fhir/tools/StructureDefinition/ig-parameter"},{"extension":[{"url":"code","valueString":"excludelogbinaryformat"},{"url":"value","valueString":"true"}],"url":"http://hl7.org/fhir/tools/StructureDefinition/ig-parameter"},{"extension":[{"url":"code","valueString":"tabbed-snapshots"},{"url":"value","valueString":"true"}],"url":"http://hl7.org/fhir/tools/StructureDefinition/ig-parameter"},{"extension":[{"url":"code","valueCode":"copyrightyear"},{"url":"value","valueString":"2023+"}],"url":"http://hl7.org/fhir/tools/StructureDefinition/ig-parameter"},{"extension":[{"url":"code","valueCode":"releaselabel"},{"url":"value","valueString":"ci-build"}],"url":"http://hl7.org/fhir/tools/StructureDefinition/ig-parameter"},{"extension":[{"url":"code","valueCode":"special-url"},{"url":"value","valueString":"http://cdebrowser.nci.nih.gov"}],"url":"http://hl7.org/fhir/tools/StructureDefinition/ig-parameter"},{"extension":[{"url":"code","valueCode":"special-url"},{"url":"value","valueString":"http://www.genenames.org/geneId"}],"url":"http://hl7.org/fhir/tools/StructureDefinition/ig-parameter"},{"extension":[{"url":"code","valueCode":"special-url"},{"url":"value","valueString":"http://www.glstring.org"}],"url":"http://hl7.org/fhir/tools/StructureDefinition/ig-parameter"},{"extension":[{"url":"code","valueCode":"special-url"},{"url":"value","valueString":"http://terminology.nmdp.org/codesystem/practitionerrole"}],"url":"http://hl7.org/fhir/tools/StructureDefinition/ig-parameter"},{"extension":[{"url":"code","valueCode":"autoload-resources"},{"url":"value","valueString":"true"}],"url":"http://hl7.org/fhir/tools/StructureDefinition/ig-parameter"},{"extension":[{"url":"code","valueCode":"path-liquid"},{"url":"value","valueString":"template/liquid"}],"url":"http://hl7.org/fhir/tools/StructureDefinition/ig-parameter"},{"extension":[{"url":"code","valueCode":"path-liquid"},{"url":"value","valueString":"input/liquid"}],"url":"http://hl7.org/fhir/tools/StructureDefinition/ig-parameter"},{"extension":[{"url":"code","valueCode":"path-qa"},{"url":"value","valueString":"temp/qa"}],"url":"http://hl7.org/fhir/tools/StructureDefinition/ig-parameter"},{"extension":[{"url":"code","valueCode":"path-temp"},{"url":"value","valueString":"temp/pages"}],"url":"http://hl7.org/fhir/tools/StructureDefinition/ig-parameter"},{"extension":[{"url":"code","valueCode":"path-output"},{"url":"value","valueString":"output"}],"url":"http://hl7.org/fhir/tools/StructureDefinition/ig-parameter"},{"extension":[{"url":"code","valueCode":"path-suppressed-warnings"},{"url":"value","valueString":"input/ignoreWarnings.txt"}],"url":"http://hl7.org/fhir/tools/StructureDefinition/ig-parameter"},{"extension":[{"url":"code","valueCode":"path-history"},{"url":"value","valueString":"http://example.org/ig/example/history.html"}],"url":"http://hl7.org/fhir/tools/StructureDefinition/ig-parameter"},{"extension":[{"url":"code","valueCode":"template-html"},{"url":"value","valueString":"template-page.html"}],"url":"http://hl7.org/fhir/tools/StructureDefinition/ig-parameter"},{"extension":[{"url":"code","valueCode":"template-md"},{"url":"value","valueString":"template-page-md.html"}],"url":"http://hl7.org/fhir/tools/StructureDefinition/ig-parameter"},{"extension":[{"url":"code","valueCode":"apply-contact"},{"url":"value","valueString":"true"}],"url":"http://hl7.org/fhir/tools/StructureDefinition/ig-parameter"},{"extension":[{"url":"code","valueCode":"apply-context"},{"url":"value","valueString":"true"}],"url":"http://hl7.org/fhir/tools/StructureDefinition/ig-parameter"},{"extension":[{"url":"code","valueCode":"apply-copyright"},{"url":"value","valueString":"true"}],"url":"http://hl7.org/fhir/tools/StructureDefinition/ig-parameter"},{"extension":[{"url":"code","valueCode":"apply-jurisdiction"},{"url":"value","valueString":"true"}],"url":"http://hl7.org/fhir/tools/StructureDefinition/ig-parameter"},{"extension":[{"url":"code","valueCode":"apply-license"},{"url":"value","valueString":"true"}],"url":"http://hl7.org/fhir/tools/StructureDefinition/ig-parameter"},{"extension":[{"url":"code","valueCode":"apply-publisher"},{"url":"value","valueString":"true"}],"url":"http://hl7.org/fhir/tools/StructureDefinition/ig-parameter"},{"extension":[{"url":"code","valueCode":"apply-version"},{"url":"value","valueString":"true"}],"url":"http://hl7.org/fhir/tools/StructureDefinition/ig-parameter"},{"extension":[{"url":"code","valueCode":"active-tables"},{"url":"value","valueString":"true"}],"url":"http://hl7.org/fhir/tools/StructureDefinition/ig-parameter"},{"extension":[{"url":"code","valueCode":"fmm-definition"},{"url":"value","valueString":"http://hl7.org/fhir/versions.html#maturity"}],"url":"http://hl7.org/fhir/tools/StructureDefinition/ig-parameter"},{"extension":[{"url":"code","valueCode":"propagate-status"},{"url":"value","valueString":"true"}],"url":"http://hl7.org/fhir/tools/StructureDefinition/ig-parameter"},{"extension":[{"url":"code","valueCode":"excludelogbinaryformat"},{"url":"value","valueString":"true"}],"url":"http://hl7.org/fhir/tools/StructureDefinition/ig-parameter"},{"extension":[{"url":"code","valueCode":"tabbed-snapshots"},{"url":"value","valueString":"true"}],"url":"http://hl7.org/fhir/tools/StructureDefinition/ig-parameter"},{"extension":[{"url":"code","valueCode":"copyrightyear"},{"url":"value","valueString":"2023+"}],"url":"http://hl7.org/fhir/tools/StructureDefinition/ig-parameter"},{"extension":[{"url":"code","valueCode":"releaselabel"},{"url":"value","valueString":"ci-build"}],"url":"http://hl7.org/fhir/tools/StructureDefinition/ig-parameter"},{"extension":[{"url":"code","valueCode":"special-url"},{"url":"value","valueString":"http://cdebrowser.nci.nih.gov"}],"url":"http://hl7.org/fhir/tools/StructureDefinition/ig-parameter"},{"extension":[{"url":"code","valueCode":"special-url"},{"url":"value","valueString":"http://www.genenames.org/geneId"}],"url":"http://hl7.org/fhir/tools/StructureDefinition/ig-parameter"},{"extension":[{"url":"code","valueCode":"special-url"},{"url":"value","valueString":"http://www.glstring.org"}],"url":"http://hl7.org/fhir/tools/StructureDefinition/ig-parameter"},{"extension":[{"url":"code","valueCode":"special-url"},{"url":"value","valueString":"http://terminology.nmdp.org/codesystem/practitionerrole"}],"url":"http://hl7.org/fhir/tools/StructureDefinition/ig-parameter"},{"extension":[{"url":"code","valueCode":"autoload-resources"},{"url":"value","valueString":"true"}],"url":"http://hl7.org/fhir/tools/StructureDefinition/ig-parameter"},{"extension":[{"url":"code","valueCode":"path-liquid"},{"url":"value","valueString":"template/liquid"}],"url":"http://hl7.org/fhir/tools/StructureDefinition/ig-parameter"},{"extension":[{"url":"code","valueCode":"path-liquid"},{"url":"value","valueString":"input/liquid"}],"url":"http://hl7.org/fhir/tools/StructureDefinition/ig-parameter"},{"extension":[{"url":"code","valueCode":"path-qa"},{"url":"value","valueString":"temp/qa"}],"url":"http://hl7.org/fhir/tools/StructureDefinition/ig-parameter"},{"extension":[{"url":"code","valueCode":"path-temp"},{"url":"value","valueString":"temp/pages"}],"url":"http://hl7.org/fhir/tools/StructureDefinition/ig-parameter"},{"extension":[{"url":"code","valueCode":"path-output"},{"url":"value","valueString":"output"}],"url":"http://hl7.org/fhir/tools/StructureDefinition/ig-parameter"},{"extension":[{"url":"code","valueCode":"path-suppressed-warnings"},{"url":"value","valueString":"input/ignoreWarnings.txt"}],"url":"http://hl7.org/fhir/tools/StructureDefinition/ig-parameter"},{"extension":[{"url":"code","valueCode":"path-history"},{"url":"value","valueString":"http://example.org/ig/example/history.html"}],"url":"http://hl7.org/fhir/tools/StructureDefinition/ig-parameter"},{"extension":[{"url":"code","valueCode":"template-html"},{"url":"value","valueString":"template-page.html"}],"url":"http://hl7.org/fhir/tools/StructureDefinition/ig-parameter"},{"extension":[{"url":"code","valueCode":"template-md"},{"url":"value","valueString":"template-page-md.html"}],"url":"http://hl7.org/fhir/tools/StructureDefinition/ig-parameter"},{"extension":[{"url":"code","valueCode":"apply-contact"},{"url":"value","valueString":"true"}],"url":"http://hl7.org/fhir/tools/StructureDefinition/ig-parameter"},{"extension":[{"url":"code","valueCode":"apply-context"},{"url":"value","valueString":"true"}],"url":"http://hl7.org/fhir/tools/StructureDefinition/ig-parameter"},{"extension":[{"url":"code","valueCode":"apply-copyright"},{"url":"value","valueString":"true"}],"url":"http://hl7.org/fhir/tools/StructureDefinition/ig-parameter"},{"extension":[{"url":"code","valueCode":"apply-jurisdiction"},{"url":"value","valueString":"true"}],"url":"http://hl7.org/fhir/tools/StructureDefinition/ig-parameter"},{"extension":[{"url":"code","valueCode":"apply-license"},{"url":"value","valueString":"true"}],"url":"http://hl7.org/fhir/tools/StructureDefinition/ig-parameter"},{"extension":[{"url":"code","valueCode":"apply-publisher"},{"url":"value","valueString":"true"}],"url":"http://hl7.org/fhir/tools/StructureDefinition/ig-parameter"},{"extension":[{"url":"code","valueCode":"apply-version"},{"url":"value","valueString":"true"}],"url":"http://hl7.org/fhir/tools/StructureDefinition/ig-parameter"},{"extension":[{"url":"code","valueCode":"active-tables"},{"url":"value","valueString":"true"}],"url":"http://hl7.org/fhir/tools/StructureDefinition/ig-parameter"},{"extension":[{"url":"code","valueCode":"fmm-definition"},{"url":"value","valueString":"http://hl7.org/fhir/versions.html#maturity"}],"url":"http://hl7.org/fhir/tools/StructureDefinition/ig-parameter"},{"extension":[{"url":"code","valueCode":"propagate-status"},{"url":"value","valueString":"true"}],"url":"http://hl7.org/fhir/tools/StructureDefinition/ig-parameter"},{"extension":[{"url":"code","valueCode":"excludelogbinaryformat"},{"url":"value","valueString":"true"}],"url":"http://hl7.org/fhir/tools/StructureDefinition/ig-parameter"},{"extension":[{"url":"code","valueCode":"tabbed-snapshots"},{"url":"value","valueString":"true"}],"url":"http://hl7.org/fhir/tools/StructureDefinition/ig-parameter"}],"grouping":[{"id":"-str-profile","name":"Structures: Resource Profiles","description":"These define constraints on FHIR resources for systems conforming to this implementation guide."},{"id":"-str-extension","name":"Structures: Extension Definitions","description":"These define constraints on FHIR data types for systems conforming to this implementation guide."},{"id":"-term-valueset","name":"Terminology: Value Sets","description":"These define sets of codes used by systems conforming to this implementation guide."},{"id":"-term-codesystem","name":"Terminology: Code Systems","description":"These define new code systems used by systems conforming to this implementation guide."},{"id":"-ex-example","name":"Example: Example Instances","description":"These are example instances that show what data produced and consumed by systems conforming with this implementation guide might look like."}],"resource":[{"extension":[{"url":"http://hl7.org/fhir/StructureDefinition/implementationguide-page","valueUri":"StructureDefinition-cmv-observation.html"}],"reference":{"reference":"StructureDefinition/cmv-observation"},"name":"CMVObservation","description":"An example profile of the observation resource which requires a subject that is a MyPatient instance.","exampleBoolean":false,"groupingId":"-str-profile"},{"extension":[{"url":"http://hl7.org/fhir/StructureDefinition/implementationguide-page","valueUri":"StructureDefinition-cmv-presence-observation.html"}],"reference":{"reference":"StructureDefinition/cmv-presence-observation"},"name":"CMVPresenceObservation","description":"An example profile of the observation resource which requires a subject that is a MyPatient instance.","exampleBoolean":false,"groupingId":"-str-profile"},{"extension":[{"url":"http://hl7.org/fhir/StructureDefinition/implementationguide-page","valueUri":"StructureDefinition-my-bundle.html"}],"reference":{"reference":"StructureDefinition/my-bundle"},"name":"My Bundle","description":"Collection Bundle","exampleBoolean":false,"groupingId":"-str-profile"},{"extension":[{"url":"http://hl7.org/fhir/StructureDefinition/implementationguide-page","valueUri":"StructureDefinition-MyCIBMTRPatient.html"}],"reference":{"reference":"StructureDefinition/MyCIBMTRPatient"},"name":"MyCIBMTRPatient","description":"An example profile on the US Core Patient profile.","exampleBoolean":false,"groupingId":"-str-profile"},{"extension":[{"url":"http://hl7.org/fhir/StructureDefinition/implementationguide-page","valueUri":"StructureDefinition-my-diagnosis.html"}],"reference":{"reference":"StructureDefinition/my-diagnosis"},"name":"MyDiagnosis","description":"Diagnosis of hematopoietic disorder","exampleBoolean":false,"groupingId":"-str-profile"},{"extension":[{"url":"http://hl7.org/fhir/StructureDefinition/implementationguide-page","valueUri":"StructureDefinition-my-observation.html"}],"reference":{"reference":"StructureDefinition/my-observation"},"name":"MyObservation","description":"An example profile of the observation resource which requires a subject that is a MyPatient instance.","exampleBoolean":false,"groupingId":"-str-profile"},{"extension":[{"url":"http://hl7.org/fhir/StructureDefinition/implementationguide-page","valueUri":"StructureDefinition-my-patient.html"}],"reference":{"reference":"StructureDefinition/my-patient"},"name":"MyPatient","description":"An example profile of the Patient resource.","exampleBoolean":false,"groupingId":"-str-profile"},{"extension":[{"url":"http://hl7.org/fhir/StructureDefinition/implementationguide-page","valueUri":"StructureDefinition-MyTestPatient.html"}],"reference":{"reference":"StructureDefinition/MyTestPatient"},"name":"MyTestPatient","description":"An example profile on the US Core Patient profile.","exampleBoolean":false,"groupingId":"-str-profile"},{"extension":[{"url":"http://hl7.org/fhir/StructureDefinition/implementationguide-page","valueUri":"StructureDefinition-MyUSCorePatient.html"}],"reference":{"reference":"StructureDefinition/MyUSCorePatient"},"name":"MyUSCorePatient","description":"An example profile on the US Core Patient profile.","exampleBoolean":false,"groupingId":"-str-profile"},{"extension":[{"url":"http://hl7.org/fhir/StructureDefinition/implementationguide-page","valueUri":"StructureDefinition-number-of-remissions.html"}],"reference":{"reference":"StructureDefinition/number-of-remissions"},"name":"Number of Remissions of Diagnosis","description":"Number of Remissions of Diagnosis","exampleBoolean":false,"groupingId":"-str-extension"},{"extension":[{"url":"http://hl7.org/fhir/StructureDefinition/implementationguide-page","valueUri":"ValueSet-cmv-presence-vs.html"}],"reference":{"reference":"ValueSet/cmv-presence-vs"},"name":"CMV Presence ValueSet","description":"Cytomegalovirus [Presence] ValueSet.","exampleBoolean":false,"groupingId":"-term-valueset"},{"extension":[{"url":"http://hl7.org/fhir/StructureDefinition/implementationguide-page","valueUri":"ValueSet-cmv-vs.html"}],"reference":{"reference":"ValueSet/cmv-vs"},"name":"CMV ValueSet","description":"Cytomegalovirus ValueSet","exampleBoolean":false,"groupingId":"-term-valueset"},{"extension":[{"url":"http://hl7.org/fhir/StructureDefinition/implementationguide-page","valueUri":"ValueSet-gvhd-icd10-codes.html"}],"reference":{"reference":"ValueSet/gvhd-icd10-codes"},"name":"GVHD ICD-10 Codes","description":"GVHD ICD-10 Codes","exampleBoolean":false,"groupingId":"-term-valueset"},{"extension":[{"url":"http://hl7.org/fhir/StructureDefinition/implementationguide-page","valueUri":"ValueSet-gvhd-sct-codes.html"}],"reference":{"reference":"ValueSet/gvhd-sct-codes"},"name":"GVHD SNOMED CT Codes","description":"GVHD SNOMED CT Codes","exampleBoolean":false,"groupingId":"-term-valueset"},{"extension":[{"url":"http://hl7.org/fhir/StructureDefinition/implementationguide-page","valueUri":"ValueSet-gvhd-all-valueset.html"}],"reference":{"reference":"ValueSet/gvhd-all-valueset"},"name":"GVHD Type Value Set","description":"Permissible values for types of Graft vs Host Disease, from SNOMED CT and ICD-10","exampleBoolean":false,"groupingId":"-term-valueset"},{"extension":[{"url":"http://hl7.org/fhir/StructureDefinition/implementationguide-page","valueUri":"ValueSet-hematopoietic-disorder-vs.html"}],"reference":{"reference":"ValueSet/hematopoietic-disorder-vs"},"name":"Disorders of hematopoietic structure","description":"SNOMED: Disorders of hematopoietic structure","exampleBoolean":false,"groupingId":"-term-valueset"},{"extension":[{"url":"http://hl7.org/fhir/StructureDefinition/implementationguide-page","valueUri":"ValueSet-presence-lnc-valueset.html"}],"reference":{"reference":"ValueSet/presence-lnc-valueset"},"name":"Presence Answer List - LOINC","description":"Permissible values for presence - LOINC","exampleBoolean":false,"groupingId":"-term-valueset"},{"extension":[{"url":"http://hl7.org/fhir/StructureDefinition/implementationguide-page","valueUri":"ValueSet-presence-sct-valueset.html"}],"reference":{"reference":"ValueSet/presence-sct-valueset"},"name":"Presence Answer List - Snomed CT","description":"Permissible values for presence - Snomed CT","exampleBoolean":false,"groupingId":"-term-valueset"},{"extension":[{"url":"http://hl7.org/fhir/StructureDefinition/implementationguide-page","valueUri":"ValueSet-presence-valueset.html"}],"reference":{"reference":"ValueSet/presence-valueset"},"name":"Presence Answer List - Snomed and LOINC","description":"Permissible values for presence, from Snomed CT and LOINC","exampleBoolean":false,"groupingId":"-term-valueset"},{"extension":[{"url":"http://hl7.org/fhir/StructureDefinition/implementationguide-page","valueUri":"CodeSystem-glstring-cs.html"}],"reference":{"reference":"CodeSystem/glstring-cs"},"name":"Genotype List String Code CodeSystem","description":"Genotype List String Codesystem used for HLA reporting","exampleBoolean":false,"groupingId":"-term-codesystem"},{"extension":[{"url":"http://hl7.org/fhir/StructureDefinition/implementationguide-page","valueUri":"CodeSystem-cibmtr-cadsr-vm-cs.html"}],"reference":{"reference":"CodeSystem/cibmtr-cadsr-vm-cs"},"name":"NIH Common Data Element Value Meanings for GVHD","description":"NIH Common Data Element Value Meanings for GVHD","exampleBoolean":false,"groupingId":"-term-codesystem"},{"extension":[{"url":"http://hl7.org/fhir/StructureDefinition/implementationguide-page","valueUri":"CodeSystem-hla-genename-cs.html"}],"reference":{"reference":"CodeSystem/hla-genename-cs"},"name":"HLA HGNC GeneID CodeSystem","description":"CodeSystem of HLA gene group subset of HGNC GeneId Codesystem","exampleBoolean":false,"groupingId":"-term-codesystem"},{"extension":[{"url":"http://hl7.org/fhir/StructureDefinition/implementationguide-page","valueUri":"CodeSystem-nmdp-practitioner-role-cs.html"}],"reference":{"reference":"CodeSystem/nmdp-practitioner-role-cs"},"name":"NMDP Practitioner Roles","description":"NMDP Practitioner Roles","exampleBoolean":false,"groupingId":"-term-codesystem"},{"extension":[{"url":"http://hl7.org/fhir/StructureDefinition/implementationguide-page","valueUri":"Bundle-BundleCollectionExample.html"}],"reference":{"reference":"Bundle/BundleCollectionExample"},"name":"BundleCollectionExample","description":"Bundle Example","exampleCanonical":"http://example.org/ig/example/StructureDefinition/my-bundle","groupingId":"-ex-example"},{"extension":[{"url":"http://hl7.org/fhir/StructureDefinition/implementationguide-page","valueUri":"Bundle-BundleTransactionExample.html"}],"reference":{"reference":"Bundle/BundleTransactionExample"},"name":"BundleTransactionExample","description":"Bundle Example","exampleCanonical":"http://example.org/ig/example/StructureDefinition/my-bundle","groupingId":"-ex-example"},{"extension":[{"url":"http://hl7.org/fhir/StructureDefinition/implementationguide-page","valueUri":"Observation-CMVObservationExample.html"}],"reference":{"reference":"Observation/CMVObservationExample"},"name":"CMVObservationExample","description":"Example of CMV Observations","exampleCanonical":"http://example.org/ig/example/StructureDefinition/cmv-observation","groupingId":"-ex-example"},{"extension":[{"url":"http://hl7.org/fhir/StructureDefinition/implementationguide-page","valueUri":"Observation-CMVObservationPresenceExample.html"}],"reference":{"reference":"Observation/CMVObservationPresenceExample"},"name":"CMVObservationPresenceExample","description":"Example of CMV Observations","exampleCanonical":"http://example.org/ig/example/StructureDefinition/cmv-presence-observation","groupingId":"-ex-example"},{"extension":[{"url":"http://hl7.org/fhir/StructureDefinition/implementationguide-page","valueUri":"Condition-DiagnosisExample-AML.html"}],"reference":{"reference":"Condition/DiagnosisExample-AML"},"name":"DiagnosisExample-AML","description":"Example of a Diagnois: AML","exampleCanonical":"http://example.org/ig/example/StructureDefinition/my-diagnosis","groupingId":"-ex-example"},{"extension":[{"url":"http://hl7.org/fhir/StructureDefinition/implementationguide-page","valueUri":"Patient-MyCIBMTRPatientExample.html"}],"reference":{"reference":"Patient/MyCIBMTRPatientExample"},"name":"MyCIBMTRPatientExample","description":"An example of a patient with a license to krill.","exampleCanonical":"http://example.org/ig/example/StructureDefinition/MyCIBMTRPatient","groupingId":"-ex-example"},{"extension":[{"url":"http://hl7.org/fhir/StructureDefinition/implementationguide-page","valueUri":"Patient-MyTestPatientExample.html"}],"reference":{"reference":"Patient/MyTestPatientExample"},"name":"MyTestPatientExample","description":"An example of a patient with a license to krill.","exampleCanonical":"http://example.org/ig/example/StructureDefinition/MyTestPatient","groupingId":"-ex-example"},{"extension":[{"url":"http://hl7.org/fhir/StructureDefinition/implementationguide-page","valueUri":"Patient-MyUSCorePatientExample.html"}],"reference":{"reference":"Patient/MyUSCorePatientExample"},"name":"MyUSCorePatientExample","description":"An example of a patient with a license to krill.","exampleCanonical":"http://example.org/ig/example/StructureDefinition/MyUSCorePatient","groupingId":"-ex-example"},{"extension":[{"url":"http://hl7.org/fhir/StructureDefinition/implementationguide-page","valueUri":"Observation-ObservationExample1.html"}],"reference":{"reference":"Observation/ObservationExample1"},"name":"ObservationExample1","description":"An example of a MyObservation with a subject. This is required since the profile constrains this element.","exampleCanonical":"http://example.org/ig/example/StructureDefinition/my-observation","groupingId":"-ex-example"},{"extension":[{"url":"http://hl7.org/fhir/StructureDefinition/implementationguide-page","valueUri":"Observation-ObservationExample2.html"}],"reference":{"reference":"Observation/ObservationExample2"},"name":"ObservationExample2","description":"An example of a base Observation without a subject. The base resource doesn't require a subject.","exampleBoolean":true,"groupingId":"-ex-example"},{"extension":[{"url":"http://hl7.org/fhir/StructureDefinition/implementationguide-page","valueUri":"Observation-ObservationExample3.html"}],"reference":{"reference":"Observation/ObservationExample3"},"name":"ObservationExample3","description":"An example of an instance MyObservation with a subject. This profile requires a subject.","exampleCanonical":"http://example.org/ig/example/StructureDefinition/my-observation","groupingId":"-ex-example"},{"extension":[{"url":"http://hl7.org/fhir/StructureDefinition/implementationguide-page","valueUri":"Patient-PatientExample.html"}],"reference":{"reference":"Patient/PatientExample"},"name":"PatientExample","description":"An example of a patient with a license to krill.","exampleCanonical":"http://example.org/ig/example/StructureDefinition/my-patient","groupingId":"-ex-example"}],"page":{"extension":[{"url":"http://hl7.org/fhir/tools/StructureDefinition/ig-page-name","valueUrl":"toc.html"}],"nameUrl":"toc.html","title":"Table of Contents","generation":"html","page":[{"extension":[{"url":"http://hl7.org/fhir/tools/StructureDefinition/ig-page-name","valueUrl":"index.html"}],"nameUrl":"index.html","title":"Home","generation":"markdown"},{"extension":[{"url":"http://hl7.org/fhir/tools/StructureDefinition/ig-page-name","valueUrl":"MyGuidance.html"}],"nameUrl":"MyGuidance.html","title":"My Guidance","generation":"markdown"},{"extension":[{"url":"http://hl7.org/fhir/tools/StructureDefinition/ig-page-name","valueUrl":"artifacts.html"}],"nameUrl":"artifacts.html","title":"Artifacts Summary","generation":"html","page":[{"extension":[{"url":"http://hl7.org/fhir/tools/StructureDefinition/ig-page-name","valueUrl":"StructureDefinition-cmv-observation.html"}],"nameUrl":"StructureDefinition-cmv-observation.html","title":"CMVObservation","generation":"generated"},{"extension":[{"url":"http://hl7.org/fhir/tools/StructureDefinition/ig-page-name","valueUrl":"StructureDefinition-cmv-presence-observation.html"}],"nameUrl":"StructureDefinition-cmv-presence-observation.html","title":"CMVPresenceObservation","generation":"generated"},{"extension":[{"url":"http://hl7.org/fhir/tools/StructureDefinition/ig-page-name","valueUrl":"StructureDefinition-my-bundle.html"}],"nameUrl":"StructureDefinition-my-bundle.html","title":"My Bundle","generation":"generated"},{"extension":[{"url":"http://hl7.org/fhir/tools/StructureDefinition/ig-page-name","valueUrl":"StructureDefinition-MyCIBMTRPatient.html"}],"nameUrl":"StructureDefinition-MyCIBMTRPatient.html","title":"MyCIBMTRPatient","generation":"generated"},{"extension":[{"url":"http://hl7.org/fhir/tools/StructureDefinition/ig-page-name","valueUrl":"StructureDefinition-my-diagnosis.html"}],"nameUrl":"StructureDefinition-my-diagnosis.html","title":"MyDiagnosis","generation":"generated"},{"extension":[{"url":"http://hl7.org/fhir/tools/StructureDefinition/ig-page-name","valueUrl":"StructureDefinition-my-observation.html"}],"nameUrl":"StructureDefinition-my-observation.html","title":"MyObservation","generation":"generated"},{"extension":[{"url":"http://hl7.org/fhir/tools/StructureDefinition/ig-page-name","valueUrl":"StructureDefinition-my-patient.html"}],"nameUrl":"StructureDefinition-my-patient.html","title":"MyPatient","generation":"generated"},{"extension":[{"url":"http://hl7.org/fhir/tools/StructureDefinition/ig-page-name","valueUrl":"StructureDefinition-MyTestPatient.html"}],"nameUrl":"StructureDefinition-MyTestPatient.html","title":"MyTestPatient","generation":"generated"},{"extension":[{"url":"http://hl7.org/fhir/tools/StructureDefinition/ig-page-name","valueUrl":"StructureDefinition-MyUSCorePatient.html"}],"nameUrl":"StructureDefinition-MyUSCorePatient.html","title":"MyUSCorePatient","generation":"generated"},{"extension":[{"url":"http://hl7.org/fhir/tools/StructureDefinition/ig-page-name","valueUrl":"StructureDefinition-number-of-remissions.html"}],"nameUrl":"StructureDefinition-number-of-remissions.html","title":"Number of Remissions of Diagnosis","generation":"generated"},{"extension":[{"url":"http://hl7.org/fhir/tools/StructureDefinition/ig-page-name","valueUrl":"ValueSet-cmv-presence-vs.html"}],"nameUrl":"ValueSet-cmv-presence-vs.html","title":"CMV Presence ValueSet","generation":"generated"},{"extension":[{"url":"http://hl7.org/fhir/tools/StructureDefinition/ig-page-name","valueUrl":"ValueSet-cmv-vs.html"}],"nameUrl":"ValueSet-cmv-vs.html","title":"CMV ValueSet","generation":"generated"},{"extension":[{"url":"http://hl7.org/fhir/tools/StructureDefinition/ig-page-name","valueUrl":"ValueSet-gvhd-icd10-codes.html"}],"nameUrl":"ValueSet-gvhd-icd10-codes.html","title":"GVHD ICD-10 Codes","generation":"generated"},{"extension":[{"url":"http://hl7.org/fhir/tools/StructureDefinition/ig-page-name","valueUrl":"ValueSet-gvhd-sct-codes.html"}],"nameUrl":"ValueSet-gvhd-sct-codes.html","title":"GVHD SNOMED CT Codes","generation":"generated"},{"extension":[{"url":"http://hl7.org/fhir/tools/StructureDefinition/ig-page-name","valueUrl":"ValueSet-gvhd-all-valueset.html"}],"nameUrl":"ValueSet-gvhd-all-valueset.html","title":"GVHD Type Value Set","generation":"generated"},{"extension":[{"url":"http://hl7.org/fhir/tools/StructureDefinition/ig-page-name","valueUrl":"ValueSet-hematopoietic-disorder-vs.html"}],"nameUrl":"ValueSet-hematopoietic-disorder-vs.html","title":"Disorders of hematopoietic structure","generation":"generated"},{"extension":[{"url":"http://hl7.org/fhir/tools/StructureDefinition/ig-page-name","valueUrl":"ValueSet-presence-lnc-valueset.html"}],"nameUrl":"ValueSet-presence-lnc-valueset.html","title":"Presence Answer List - LOINC","generation":"generated"},{"extension":[{"url":"http://hl7.org/fhir/tools/StructureDefinition/ig-page-name","valueUrl":"ValueSet-presence-sct-valueset.html"}],"nameUrl":"ValueSet-presence-sct-valueset.html","title":"Presence Answer List - Snomed CT","generation":"generated"},{"extension":[{"url":"http://hl7.org/fhir/tools/StructureDefinition/ig-page-name","valueUrl":"ValueSet-presence-valueset.html"}],"nameUrl":"ValueSet-presence-valueset.html","title":"Presence Answer List - Snomed and LOINC","generation":"generated"},{"extension":[{"url":"http://hl7.org/fhir/tools/StructureDefinition/ig-page-name","valueUrl":"CodeSystem-glstring-cs.html"}],"nameUrl":"CodeSystem-glstring-cs.html","title":"Genotype List String Code CodeSystem","generation":"generated"},{"extension":[{"url":"http://hl7.org/fhir/tools/StructureDefinition/ig-page-name","valueUrl":"CodeSystem-cibmtr-cadsr-vm-cs.html"}],"nameUrl":"CodeSystem-cibmtr-cadsr-vm-cs.html","title":"NIH Common Data Element Value Meanings for GVHD","generation":"generated"},{"extension":[{"url":"http://hl7.org/fhir/tools/StructureDefinition/ig-page-name","valueUrl":"CodeSystem-hla-genename-cs.html"}],"nameUrl":"CodeSystem-hla-genename-cs.html","title":"HLA HGNC GeneID CodeSystem","generation":"generated"},{"extension":[{"url":"http://hl7.org/fhir/tools/StructureDefinition/ig-page-name","valueUrl":"CodeSystem-nmdp-practitioner-role-cs.html"}],"nameUrl":"CodeSystem-nmdp-practitioner-role-cs.html","title":"NMDP Practitioner Roles","generation":"generated"},{"extension":[{"url":"http://hl7.org/fhir/tools/StructureDefinition/ig-page-name","valueUrl":"Bundle-BundleCollectionExample.html"}],"nameUrl":"Bundle-BundleCollectionExample.html","title":"BundleCollectionExample","generation":"generated"},{"extension":[{"url":"http://hl7.org/fhir/tools/StructureDefinition/ig-page-name","valueUrl":"Bundle-BundleTransactionExample.html"}],"nameUrl":"Bundle-BundleTransactionExample.html","title":"BundleTransactionExample","generation":"generated"},{"extension":[{"url":"http://hl7.org/fhir/tools/StructureDefinition/ig-page-name","valueUrl":"Observation-CMVObservationExample.html"}],"nameUrl":"Observation-CMVObservationExample.html","title":"CMVObservationExample","generation":"generated"},{"extension":[{"url":"http://hl7.org/fhir/tools/StructureDefinition/ig-page-name","valueUrl":"Observation-CMVObservationPresenceExample.html"}],"nameUrl":"Observation-CMVObservationPresenceExample.html","title":"CMVObservationPresenceExample","generation":"generated"},{"extension":[{"url":"http://hl7.org/fhir/tools/StructureDefinition/ig-page-name","valueUrl":"Condition-DiagnosisExample-AML.html"}],"nameUrl":"Condition-DiagnosisExample-AML.html","title":"DiagnosisExample-AML","generation":"generated"},{"extension":[{"url":"http://hl7.org/fhir/tools/StructureDefinition/ig-page-name","valueUrl":"Patient-MyCIBMTRPatientExample.html"}],"nameUrl":"Patient-MyCIBMTRPatientExample.html","title":"MyCIBMTRPatientExample","generation":"generated"},{"extension":[{"url":"http://hl7.org/fhir/tools/StructureDefinition/ig-page-name","valueUrl":"Patient-MyTestPatientExample.html"}],"nameUrl":"Patient-MyTestPatientExample.html","title":"MyTestPatientExample","generation":"generated"},{"extension":[{"url":"http://hl7.org/fhir/tools/StructureDefinition/ig-page-name","valueUrl":"Patient-MyUSCorePatientExample.html"}],"nameUrl":"Patient-MyUSCorePatientExample.html","title":"MyUSCorePatientExample","generation":"generated"},{"extension":[{"url":"http://hl7.org/fhir/tools/StructureDefinition/ig-page-name","valueUrl":"Observation-ObservationExample1.html"}],"nameUrl":"Observation-ObservationExample1.html","title":"ObservationExample1","generation":"generated"},{"extension":[{"url":"http://hl7.org/fhir/tools/StructureDefinition/ig-page-name","valueUrl":"Observation-ObservationExample2.html"}],"nameUrl":"Observation-ObservationExample2.html","title":"ObservationExample2","generation":"generated"},{"extension":[{"url":"http://hl7.org/fhir/tools/StructureDefinition/ig-page-name","valueUrl":"Observation-ObservationExample3.html"}],"nameUrl":"Observation-ObservationExample3.html","title":"ObservationExample3","generation":"generated"},{"extension":[{"url":"http://hl7.org/fhir/tools/StructureDefinition/ig-page-name","valueUrl":"Patient-PatientExample.html"}],"nameUrl":"Patient-PatientExample.html","title":"PatientExample","generation":"generated"}]}]},"parameter":[{"code":"path-resource","value":"input/capabilities"},{"code":"path-resource","value":"input/examples"},{"code":"path-resource","value":"input/extensions"},{"code":"path-resource","value":"input/models"},{"code":"path-resource","value":"input/operations"},{"code":"path-resource","value":"input/profiles"},{"code":"path-resource","value":"input/resources"},{"code":"path-resource","value":"input/vocabulary"},{"code":"path-resource","value":"input/maps"},{"code":"path-resource","value":"input/testing"},{"code":"path-resource","value":"input/history"},{"code":"path-resource","value":"fsh-generated/resources"},{"code":"path-pages","value":"template/config"},{"code":"path-pages","value":"input/images"},{"code":"path-tx-cache","value":"input-cache/txcache"}]}}