<?xml version="1.0" encoding="UTF-8"?><ValueSet xmlns="http://hl7.org/fhir"><id value="gvhd-sct-codes"/><text><status value="generated"/><div xmlns="http://www.w3.org/1999/xhtml"><ul><li>Include codes from <a href="http://www.snomed.org/"><code>http://snomed.info/sct</code></a> where concept  is-a  234646005 (Graft versus host disease)</li></ul></div></text><url value="http://example.org/ig/exampleig/ValueSet/gvhd-sct-codes"/><version value="0.2.0"/><name value="GVHDSCTVS"/><title value="GVHD SNOMED CT Codes"/><status value="active"/><experimental value="true"/><date value="2023-05-02T14:56:43-05:00"/><publisher value="Example Publisher"/><contact><name value="Example Publisher"/><telecom><system value="url"/><value value="http://example.org/example-publisher"/></telecom></contact><description value="GVHD SNOMED CT Codes"/><compose><include><system value="http://snomed.info/sct"/><filter><property value="concept"/><op value="is-a"/><value value="234646005"/></filter></include></compose></ValueSet>