<?xml version="1.0" encoding="UTF-8"?><ImplementationGuide xmlns="http://hl7.org/fhir"><id value="fhir.example"/><text><status value="extensions"/><div xmlns="http://www.w3.org/1999/xhtml"><h2>ExampleIG</h2><p>The official URL for this implementation guide is: </p><pre>http://example.org/ig/example/ImplementationGuide/fhir.example</pre></div></text><url value="http://example.org/ig/example/ImplementationGuide/fhir.example"/><version value="0.1.0"/><name value="ExampleIG"/><status value="draft"/><date value="2023-04-26T11:15:05-05:00"/><publisher value="Example Publisher"/><contact><name value="Example Publisher"/><telecom><system value="url"/><value value="http://example.org/example-publisher"/></telecom></contact><packageId value="fhir.example"/><license value="CC0-1.0"/><fhirVersion value="4.0.1"/><dependsOn id="hl7tx"><extension url="http://hl7.org/fhir/tools/StructureDefinition/implementationguide-dependency-comment"><valueMarkdown value="Automatically added as a dependency - all IGs depend on HL7 Terminology"/></extension><uri value="http://terminology.hl7.org/ImplementationGuide/hl7.terminology"/><packageId value="hl7.terminology.r4"/><version value="5.0.0"/></dependsOn><dependsOn id="hl7_fhir_us_core"><uri value="http://hl7.org/fhir/us/core/ImplementationGuide/hl7.fhir.us.core"/><packageId value="hl7.fhir.us.core"/><version value="3.1.0"/></dependsOn><definition><extension url="http://hl7.org/fhir/tools/StructureDefinition/ig-parameter"><extension url="code"><valueString value="copyrightyear"/></extension><extension url="value"><valueString value="2023+"/></extension></extension><extension url="http://hl7.org/fhir/tools/StructureDefinition/ig-parameter"><extension url="code"><valueString value="releaselabel"/></extension><extension url="value"><valueString value="ci-build"/></extension></extension><extension url="http://hl7.org/fhir/tools/StructureDefinition/ig-parameter"><extension url="code"><valueString value="special-url"/></extension><extension url="value"><valueString value="http://cdebrowser.nci.nih.gov"/></extension></extension><extension url="http://hl7.org/fhir/tools/StructureDefinition/ig-parameter"><extension url="code"><valueString value="special-url"/></extension><extension url="value"><valueString value="http://www.genenames.org/geneId"/></extension></extension><extension url="http://hl7.org/fhir/tools/StructureDefinition/ig-parameter"><extension url="code"><valueString value="special-url"/></extension><extension url="value"><valueString value="http://www.glstring.org"/></extension></extension><extension url="http://hl7.org/fhir/tools/StructureDefinition/ig-parameter"><extension url="code"><valueString value="special-url"/></extension><extension url="value"><valueString value="http://terminology.nmdp.org/codesystem/practitionerrole"/></extension></extension><extension url="http://hl7.org/fhir/tools/StructureDefinition/ig-parameter"><extension url="code"><valueString value="autoload-resources"/></extension><extension url="value"><valueString value="true"/></extension></extension><extension url="http://hl7.org/fhir/tools/StructureDefinition/ig-parameter"><extension url="code"><valueString value="path-liquid"/></extension><extension url="value"><valueString value="template/liquid"/></extension></extension><extension url="http://hl7.org/fhir/tools/StructureDefinition/ig-parameter"><extension url="code"><valueString value="path-liquid"/></extension><extension url="value"><valueString value="input/liquid"/></extension></extension><extension url="http://hl7.org/fhir/tools/StructureDefinition/ig-parameter"><extension url="code"><valueString value="path-qa"/></extension><extension url="value"><valueString value="temp/qa"/></extension></extension><extension url="http://hl7.org/fhir/tools/StructureDefinition/ig-parameter"><extension url="code"><valueString value="path-temp"/></extension><extension url="value"><valueString value="temp/pages"/></extension></extension><extension url="http://hl7.org/fhir/tools/StructureDefinition/ig-parameter"><extension url="code"><valueString value="path-output"/></extension><extension url="value"><valueString value="output"/></extension></extension><extension url="http://hl7.org/fhir/tools/StructureDefinition/ig-parameter"><extension url="code"><valueString value="path-suppressed-warnings"/></extension><extension url="value"><valueString value="input/ignoreWarnings.txt"/></extension></extension><extension url="http://hl7.org/fhir/tools/StructureDefinition/ig-parameter"><extension url="code"><valueString value="path-history"/></extension><extension url="value"><valueString value="http://example.org/ig/example/history.html"/></extension></extension><extension url="http://hl7.org/fhir/tools/StructureDefinition/ig-parameter"><extension url="code"><valueString value="template-html"/></extension><extension url="value"><valueString value="template-page.html"/></extension></extension><extension url="http://hl7.org/fhir/tools/StructureDefinition/ig-parameter"><extension url="code"><valueString value="template-md"/></extension><extension url="value"><valueString value="template-page-md.html"/></extension></extension><extension url="http://hl7.org/fhir/tools/StructureDefinition/ig-parameter"><extension url="code"><valueString value="apply-contact"/></extension><extension url="value"><valueString value="true"/></extension></extension><extension url="http://hl7.org/fhir/tools/StructureDefinition/ig-parameter"><extension url="code"><valueString value="apply-context"/></extension><extension url="value"><valueString value="true"/></extension></extension><extension url="http://hl7.org/fhir/tools/StructureDefinition/ig-parameter"><extension url="code"><valueString value="apply-copyright"/></extension><extension url="value"><valueString value="true"/></extension></extension><extension url="http://hl7.org/fhir/tools/StructureDefinition/ig-parameter"><extension url="code"><valueString value="apply-jurisdiction"/></extension><extension url="value"><valueString value="true"/></extension></extension><extension url="http://hl7.org/fhir/tools/StructureDefinition/ig-parameter"><extension url="code"><valueString value="apply-license"/></extension><extension url="value"><valueString value="true"/></extension></extension><extension url="http://hl7.org/fhir/tools/StructureDefinition/ig-parameter"><extension url="code"><valueString value="apply-publisher"/></extension><extension url="value"><valueString value="true"/></extension></extension><extension url="http://hl7.org/fhir/tools/StructureDefinition/ig-parameter"><extension url="code"><valueString value="apply-version"/></extension><extension url="value"><valueString value="true"/></extension></extension><extension url="http://hl7.org/fhir/tools/StructureDefinition/ig-parameter"><extension url="code"><valueString value="active-tables"/></extension><extension url="value"><valueString value="true"/></extension></extension><extension url="http://hl7.org/fhir/tools/StructureDefinition/ig-parameter"><extension url="code"><valueString value="fmm-definition"/></extension><extension url="value"><valueString value="http://hl7.org/fhir/versions.html#maturity"/></extension></extension><extension url="http://hl7.org/fhir/tools/StructureDefinition/ig-parameter"><extension url="code"><valueString value="propagate-status"/></extension><extension url="value"><valueString value="true"/></extension></extension><extension url="http://hl7.org/fhir/tools/StructureDefinition/ig-parameter"><extension url="code"><valueString value="excludelogbinaryformat"/></extension><extension url="value"><valueString value="true"/></extension></extension><extension url="http://hl7.org/fhir/tools/StructureDefinition/ig-parameter"><extension url="code"><valueString value="tabbed-snapshots"/></extension><extension url="value"><valueString value="true"/></extension></extension><extension url="http://hl7.org/fhir/tools/StructureDefinition/ig-parameter"><extension url="code"><valueCode value="copyrightyear"/></extension><extension url="value"><valueString value="2023+"/></extension></extension><extension url="http://hl7.org/fhir/tools/StructureDefinition/ig-parameter"><extension url="code"><valueCode value="releaselabel"/></extension><extension url="value"><valueString value="ci-build"/></extension></extension><extension url="http://hl7.org/fhir/tools/StructureDefinition/ig-parameter"><extension url="code"><valueCode value="special-url"/></extension><extension url="value"><valueString value="http://cdebrowser.nci.nih.gov"/></extension></extension><extension url="http://hl7.org/fhir/tools/StructureDefinition/ig-parameter"><extension url="code"><valueCode value="special-url"/></extension><extension url="value"><valueString value="http://www.genenames.org/geneId"/></extension></extension><extension url="http://hl7.org/fhir/tools/StructureDefinition/ig-parameter"><extension url="code"><valueCode value="special-url"/></extension><extension url="value"><valueString value="http://www.glstring.org"/></extension></extension><extension url="http://hl7.org/fhir/tools/StructureDefinition/ig-parameter"><extension url="code"><valueCode value="special-url"/></extension><extension url="value"><valueString value="http://terminology.nmdp.org/codesystem/practitionerrole"/></extension></extension><extension url="http://hl7.org/fhir/tools/StructureDefinition/ig-parameter"><extension url="code"><valueCode value="autoload-resources"/></extension><extension url="value"><valueString value="true"/></extension></extension><extension url="http://hl7.org/fhir/tools/StructureDefinition/ig-parameter"><extension url="code"><valueCode value="path-liquid"/></extension><extension url="value"><valueString value="template/liquid"/></extension></extension><extension url="http://hl7.org/fhir/tools/StructureDefinition/ig-parameter"><extension url="code"><valueCode value="path-liquid"/></extension><extension url="value"><valueString value="input/liquid"/></extension></extension><extension url="http://hl7.org/fhir/tools/StructureDefinition/ig-parameter"><extension url="code"><valueCode value="path-qa"/></extension><extension url="value"><valueString value="temp/qa"/></extension></extension><extension url="http://hl7.org/fhir/tools/StructureDefinition/ig-parameter"><extension url="code"><valueCode value="path-temp"/></extension><extension url="value"><valueString value="temp/pages"/></extension></extension><extension url="http://hl7.org/fhir/tools/StructureDefinition/ig-parameter"><extension url="code"><valueCode value="path-output"/></extension><extension url="value"><valueString value="output"/></extension></extension><extension url="http://hl7.org/fhir/tools/StructureDefinition/ig-parameter"><extension url="code"><valueCode value="path-suppressed-warnings"/></extension><extension url="value"><valueString value="input/ignoreWarnings.txt"/></extension></extension><extension url="http://hl7.org/fhir/tools/StructureDefinition/ig-parameter"><extension url="code"><valueCode value="path-history"/></extension><extension url="value"><valueString value="http://example.org/ig/example/history.html"/></extension></extension><extension url="http://hl7.org/fhir/tools/StructureDefinition/ig-parameter"><extension url="code"><valueCode value="template-html"/></extension><extension url="value"><valueString value="template-page.html"/></extension></extension><extension url="http://hl7.org/fhir/tools/StructureDefinition/ig-parameter"><extension url="code"><valueCode value="template-md"/></extension><extension url="value"><valueString value="template-page-md.html"/></extension></extension><extension url="http://hl7.org/fhir/tools/StructureDefinition/ig-parameter"><extension url="code"><valueCode value="apply-contact"/></extension><extension url="value"><valueString value="true"/></extension></extension><extension url="http://hl7.org/fhir/tools/StructureDefinition/ig-parameter"><extension url="code"><valueCode value="apply-context"/></extension><extension url="value"><valueString value="true"/></extension></extension><extension url="http://hl7.org/fhir/tools/StructureDefinition/ig-parameter"><extension url="code"><valueCode value="apply-copyright"/></extension><extension url="value"><valueString value="true"/></extension></extension><extension url="http://hl7.org/fhir/tools/StructureDefinition/ig-parameter"><extension url="code"><valueCode value="apply-jurisdiction"/></extension><extension url="value"><valueString value="true"/></extension></extension><extension url="http://hl7.org/fhir/tools/StructureDefinition/ig-parameter"><extension url="code"><valueCode value="apply-license"/></extension><extension url="value"><valueString value="true"/></extension></extension><extension url="http://hl7.org/fhir/tools/StructureDefinition/ig-parameter"><extension url="code"><valueCode value="apply-publisher"/></extension><extension url="value"><valueString value="true"/></extension></extension><extension url="http://hl7.org/fhir/tools/StructureDefinition/ig-parameter"><extension url="code"><valueCode value="apply-version"/></extension><extension url="value"><valueString value="true"/></extension></extension><extension url="http://hl7.org/fhir/tools/StructureDefinition/ig-parameter"><extension url="code"><valueCode value="active-tables"/></extension><extension url="value"><valueString value="true"/></extension></extension><extension url="http://hl7.org/fhir/tools/StructureDefinition/ig-parameter"><extension url="code"><valueCode value="fmm-definition"/></extension><extension url="value"><valueString value="http://hl7.org/fhir/versions.html#maturity"/></extension></extension><extension url="http://hl7.org/fhir/tools/StructureDefinition/ig-parameter"><extension url="code"><valueCode value="propagate-status"/></extension><extension url="value"><valueString value="true"/></extension></extension><extension url="http://hl7.org/fhir/tools/StructureDefinition/ig-parameter"><extension url="code"><valueCode value="excludelogbinaryformat"/></extension><extension url="value"><valueString value="true"/></extension></extension><extension url="http://hl7.org/fhir/tools/StructureDefinition/ig-parameter"><extension url="code"><valueCode value="tabbed-snapshots"/></extension><extension url="value"><valueString value="true"/></extension></extension><extension url="http://hl7.org/fhir/tools/StructureDefinition/ig-parameter"><extension url="code"><valueCode value="copyrightyear"/></extension><extension url="value"><valueString value="2023+"/></extension></extension><extension url="http://hl7.org/fhir/tools/StructureDefinition/ig-parameter"><extension url="code"><valueCode value="releaselabel"/></extension><extension url="value"><valueString value="ci-build"/></extension></extension><extension url="http://hl7.org/fhir/tools/StructureDefinition/ig-parameter"><extension url="code"><valueCode value="special-url"/></extension><extension url="value"><valueString value="http://cdebrowser.nci.nih.gov"/></extension></extension><extension url="http://hl7.org/fhir/tools/StructureDefinition/ig-parameter"><extension url="code"><valueCode value="special-url"/></extension><extension url="value"><valueString value="http://www.genenames.org/geneId"/></extension></extension><extension url="http://hl7.org/fhir/tools/StructureDefinition/ig-parameter"><extension url="code"><valueCode value="special-url"/></extension><extension url="value"><valueString value="http://www.glstring.org"/></extension></extension><extension url="http://hl7.org/fhir/tools/StructureDefinition/ig-parameter"><extension url="code"><valueCode value="special-url"/></extension><extension url="value"><valueString value="http://terminology.nmdp.org/codesystem/practitionerrole"/></extension></extension><extension url="http://hl7.org/fhir/tools/StructureDefinition/ig-parameter"><extension url="code"><valueCode value="autoload-resources"/></extension><extension url="value"><valueString value="true"/></extension></extension><extension url="http://hl7.org/fhir/tools/StructureDefinition/ig-parameter"><extension url="code"><valueCode value="path-liquid"/></extension><extension url="value"><valueString value="template/liquid"/></extension></extension><extension url="http://hl7.org/fhir/tools/StructureDefinition/ig-parameter"><extension url="code"><valueCode value="path-liquid"/></extension><extension url="value"><valueString value="input/liquid"/></extension></extension><extension url="http://hl7.org/fhir/tools/StructureDefinition/ig-parameter"><extension url="code"><valueCode value="path-qa"/></extension><extension url="value"><valueString value="temp/qa"/></extension></extension><extension url="http://hl7.org/fhir/tools/StructureDefinition/ig-parameter"><extension url="code"><valueCode value="path-temp"/></extension><extension url="value"><valueString value="temp/pages"/></extension></extension><extension url="http://hl7.org/fhir/tools/StructureDefinition/ig-parameter"><extension url="code"><valueCode value="path-output"/></extension><extension url="value"><valueString value="output"/></extension></extension><extension url="http://hl7.org/fhir/tools/StructureDefinition/ig-parameter"><extension url="code"><valueCode value="path-suppressed-warnings"/></extension><extension url="value"><valueString value="input/ignoreWarnings.txt"/></extension></extension><extension url="http://hl7.org/fhir/tools/StructureDefinition/ig-parameter"><extension url="code"><valueCode value="path-history"/></extension><extension url="value"><valueString value="http://example.org/ig/example/history.html"/></extension></extension><extension url="http://hl7.org/fhir/tools/StructureDefinition/ig-parameter"><extension url="code"><valueCode value="template-html"/></extension><extension url="value"><valueString value="template-page.html"/></extension></extension><extension url="http://hl7.org/fhir/tools/StructureDefinition/ig-parameter"><extension url="code"><valueCode value="template-md"/></extension><extension url="value"><valueString value="template-page-md.html"/></extension></extension><extension url="http://hl7.org/fhir/tools/StructureDefinition/ig-parameter"><extension url="code"><valueCode value="apply-contact"/></extension><extension url="value"><valueString value="true"/></extension></extension><extension url="http://hl7.org/fhir/tools/StructureDefinition/ig-parameter"><extension url="code"><valueCode value="apply-context"/></extension><extension url="value"><valueString value="true"/></extension></extension><extension url="http://hl7.org/fhir/tools/StructureDefinition/ig-parameter"><extension url="code"><valueCode value="apply-copyright"/></extension><extension url="value"><valueString value="true"/></extension></extension><extension url="http://hl7.org/fhir/tools/StructureDefinition/ig-parameter"><extension url="code"><valueCode value="apply-jurisdiction"/></extension><extension url="value"><valueString value="true"/></extension></extension><extension url="http://hl7.org/fhir/tools/StructureDefinition/ig-parameter"><extension url="code"><valueCode value="apply-license"/></extension><extension url="value"><valueString value="true"/></extension></extension><extension url="http://hl7.org/fhir/tools/StructureDefinition/ig-parameter"><extension url="code"><valueCode value="apply-publisher"/></extension><extension url="value"><valueString value="true"/></extension></extension><extension url="http://hl7.org/fhir/tools/StructureDefinition/ig-parameter"><extension url="code"><valueCode value="apply-version"/></extension><extension url="value"><valueString value="true"/></extension></extension><extension url="http://hl7.org/fhir/tools/StructureDefinition/ig-parameter"><extension url="code"><valueCode value="active-tables"/></extension><extension url="value"><valueString value="true"/></extension></extension><extension url="http://hl7.org/fhir/tools/StructureDefinition/ig-parameter"><extension url="code"><valueCode value="fmm-definition"/></extension><extension url="value"><valueString value="http://hl7.org/fhir/versions.html#maturity"/></extension></extension><extension url="http://hl7.org/fhir/tools/StructureDefinition/ig-parameter"><extension url="code"><valueCode value="propagate-status"/></extension><extension url="value"><valueString value="true"/></extension></extension><extension url="http://hl7.org/fhir/tools/StructureDefinition/ig-parameter"><extension url="code"><valueCode value="excludelogbinaryformat"/></extension><extension url="value"><valueString value="true"/></extension></extension><extension url="http://hl7.org/fhir/tools/StructureDefinition/ig-parameter"><extension url="code"><valueCode value="tabbed-snapshots"/></extension><extension url="value"><valueString value="true"/></extension></extension><grouping id="-str-profile"><name value="Structures: Resource Profiles"/><description value="These define constraints on FHIR resources for systems conforming to this implementation guide."/></grouping><grouping id="-str-extension"><name value="Structures: Extension Definitions"/><description value="These define constraints on FHIR data types for systems conforming to this implementation guide."/></grouping><grouping id="-term-valueset"><name value="Terminology: Value Sets"/><description value="These define sets of codes used by systems conforming to this implementation guide."/></grouping><grouping id="-term-codesystem"><name value="Terminology: Code Systems"/><description value="These define new code systems used by systems conforming to this implementation guide."/></grouping><grouping id="-ex-example"><name value="Example: Example Instances"/><description value="These are example instances that show what data produced and consumed by systems conforming with this implementation guide might look like."/></grouping><resource><extension url="http://hl7.org/fhir/StructureDefinition/implementationguide-page"><valueUri value="StructureDefinition-cmv-observation.html"/></extension><reference><reference value="StructureDefinition/cmv-observation"/></reference><name value="CMVObservation"/><description value="An example profile of the observation resource which requires a subject that is a MyPatient instance."/><exampleBoolean value="false"/><groupingId value="-str-profile"/></resource><resource><extension url="http://hl7.org/fhir/StructureDefinition/implementationguide-page"><valueUri value="StructureDefinition-cmv-presence-observation.html"/></extension><reference><reference value="StructureDefinition/cmv-presence-observation"/></reference><name value="CMVPresenceObservation"/><description value="An example profile of the observation resource which requires a subject that is a MyPatient instance."/><exampleBoolean value="false"/><groupingId value="-str-profile"/></resource><resource><extension url="http://hl7.org/fhir/StructureDefinition/implementationguide-page"><valueUri value="StructureDefinition-my-bundle.html"/></extension><reference><reference value="StructureDefinition/my-bundle"/></reference><name value="My Bundle"/><description value="Collection Bundle"/><exampleBoolean value="false"/><groupingId value="-str-profile"/></resource><resource><extension url="http://hl7.org/fhir/StructureDefinition/implementationguide-page"><valueUri value="StructureDefinition-MyCIBMTRPatient.html"/></extension><reference><reference value="StructureDefinition/MyCIBMTRPatient"/></reference><name value="MyCIBMTRPatient"/><description value="An example profile on the US Core Patient profile."/><exampleBoolean value="false"/><groupingId value="-str-profile"/></resource><resource><extension url="http://hl7.org/fhir/StructureDefinition/implementationguide-page"><valueUri value="StructureDefinition-my-diagnosis.html"/></extension><reference><reference value="StructureDefinition/my-diagnosis"/></reference><name value="MyDiagnosis"/><description value="Diagnosis of hematopoietic disorder"/><exampleBoolean value="false"/><groupingId value="-str-profile"/></resource><resource><extension url="http://hl7.org/fhir/StructureDefinition/implementationguide-page"><valueUri value="StructureDefinition-my-observation.html"/></extension><reference><reference value="StructureDefinition/my-observation"/></reference><name value="MyObservation"/><description value="An example profile of the observation resource which requires a subject that is a MyPatient instance."/><exampleBoolean value="false"/><groupingId value="-str-profile"/></resource><resource><extension url="http://hl7.org/fhir/StructureDefinition/implementationguide-page"><valueUri value="StructureDefinition-my-patient.html"/></extension><reference><reference value="StructureDefinition/my-patient"/></reference><name value="MyPatient"/><description value="An example profile of the Patient resource."/><exampleBoolean value="false"/><groupingId value="-str-profile"/></resource><resource><extension url="http://hl7.org/fhir/StructureDefinition/implementationguide-page"><valueUri value="StructureDefinition-MyTestPatient.html"/></extension><reference><reference value="StructureDefinition/MyTestPatient"/></reference><name value="MyTestPatient"/><description value="An example profile on the US Core Patient profile."/><exampleBoolean value="false"/><groupingId value="-str-profile"/></resource><resource><extension url="http://hl7.org/fhir/StructureDefinition/implementationguide-page"><valueUri value="StructureDefinition-MyUSCorePatient.html"/></extension><reference><reference value="StructureDefinition/MyUSCorePatient"/></reference><name value="MyUSCorePatient"/><description value="An example profile on the US Core Patient profile."/><exampleBoolean value="false"/><groupingId value="-str-profile"/></resource><resource><extension url="http://hl7.org/fhir/StructureDefinition/implementationguide-page"><valueUri value="StructureDefinition-number-of-remissions.html"/></extension><reference><reference value="StructureDefinition/number-of-remissions"/></reference><name value="Number of Remissions of Diagnosis"/><description value="Number of Remissions of Diagnosis"/><exampleBoolean value="false"/><groupingId value="-str-extension"/></resource><resource><extension url="http://hl7.org/fhir/StructureDefinition/implementationguide-page"><valueUri value="ValueSet-cmv-presence-vs.html"/></extension><reference><reference value="ValueSet/cmv-presence-vs"/></reference><name value="CMV Presence ValueSet"/><description value="Cytomegalovirus [Presence] ValueSet."/><exampleBoolean value="false"/><groupingId value="-term-valueset"/></resource><resource><extension url="http://hl7.org/fhir/StructureDefinition/implementationguide-page"><valueUri value="ValueSet-cmv-vs.html"/></extension><reference><reference value="ValueSet/cmv-vs"/></reference><name value="CMV ValueSet"/><description value="Cytomegalovirus ValueSet"/><exampleBoolean value="false"/><groupingId value="-term-valueset"/></resource><resource><extension url="http://hl7.org/fhir/StructureDefinition/implementationguide-page"><valueUri value="ValueSet-gvhd-icd10-codes.html"/></extension><reference><reference value="ValueSet/gvhd-icd10-codes"/></reference><name value="GVHD ICD-10 Codes"/><description value="GVHD ICD-10 Codes"/><exampleBoolean value="false"/><groupingId value="-term-valueset"/></resource><resource><extension url="http://hl7.org/fhir/StructureDefinition/implementationguide-page"><valueUri value="ValueSet-gvhd-sct-codes.html"/></extension><reference><reference value="ValueSet/gvhd-sct-codes"/></reference><name value="GVHD SNOMED CT Codes"/><description value="GVHD SNOMED CT Codes"/><exampleBoolean value="false"/><groupingId value="-term-valueset"/></resource><resource><extension url="http://hl7.org/fhir/StructureDefinition/implementationguide-page"><valueUri value="ValueSet-gvhd-all-valueset.html"/></extension><reference><reference value="ValueSet/gvhd-all-valueset"/></reference><name value="GVHD Type Value Set"/><description value="Permissible values for types of Graft vs Host Disease, from SNOMED CT and ICD-10"/><exampleBoolean value="false"/><groupingId value="-term-valueset"/></resource><resource><extension url="http://hl7.org/fhir/StructureDefinition/implementationguide-page"><valueUri value="ValueSet-hematopoietic-disorder-vs.html"/></extension><reference><reference value="ValueSet/hematopoietic-disorder-vs"/></reference><name value="Disorders of hematopoietic structure"/><description value="SNOMED: Disorders of hematopoietic structure"/><exampleBoolean value="false"/><groupingId value="-term-valueset"/></resource><resource><extension url="http://hl7.org/fhir/StructureDefinition/implementationguide-page"><valueUri value="ValueSet-presence-lnc-valueset.html"/></extension><reference><reference value="ValueSet/presence-lnc-valueset"/></reference><name value="Presence Answer List - LOINC"/><description value="Permissible values for presence - LOINC"/><exampleBoolean value="false"/><groupingId value="-term-valueset"/></resource><resource><extension url="http://hl7.org/fhir/StructureDefinition/implementationguide-page"><valueUri value="ValueSet-presence-sct-valueset.html"/></extension><reference><reference value="ValueSet/presence-sct-valueset"/></reference><name value="Presence Answer List - Snomed CT"/><description value="Permissible values for presence - Snomed CT"/><exampleBoolean value="false"/><groupingId value="-term-valueset"/></resource><resource><extension url="http://hl7.org/fhir/StructureDefinition/implementationguide-page"><valueUri value="ValueSet-presence-valueset.html"/></extension><reference><reference value="ValueSet/presence-valueset"/></reference><name value="Presence Answer List - Snomed and LOINC"/><description value="Permissible values for presence, from Snomed CT and LOINC"/><exampleBoolean value="false"/><groupingId value="-term-valueset"/></resource><resource><extension url="http://hl7.org/fhir/StructureDefinition/implementationguide-page"><valueUri value="CodeSystem-glstring-cs.html"/></extension><reference><reference value="CodeSystem/glstring-cs"/></reference><name value="Genotype List String Code CodeSystem"/><description value="Genotype List String Codesystem used for HLA reporting"/><exampleBoolean value="false"/><groupingId value="-term-codesystem"/></resource><resource><extension url="http://hl7.org/fhir/StructureDefinition/implementationguide-page"><valueUri value="CodeSystem-cibmtr-cadsr-vm-cs.html"/></extension><reference><reference value="CodeSystem/cibmtr-cadsr-vm-cs"/></reference><name value="NIH Common Data Element Value Meanings for GVHD"/><description value="NIH Common Data Element Value Meanings for GVHD"/><exampleBoolean value="false"/><groupingId value="-term-codesystem"/></resource><resource><extension url="http://hl7.org/fhir/StructureDefinition/implementationguide-page"><valueUri value="CodeSystem-hla-genename-cs.html"/></extension><reference><reference value="CodeSystem/hla-genename-cs"/></reference><name value="HLA HGNC GeneID CodeSystem"/><description value="CodeSystem of HLA gene group subset of HGNC GeneId Codesystem"/><exampleBoolean value="false"/><groupingId value="-term-codesystem"/></resource><resource><extension url="http://hl7.org/fhir/StructureDefinition/implementationguide-page"><valueUri value="CodeSystem-nmdp-practitioner-role-cs.html"/></extension><reference><reference value="CodeSystem/nmdp-practitioner-role-cs"/></reference><name value="NMDP Practitioner Roles"/><description value="NMDP Practitioner Roles"/><exampleBoolean value="false"/><groupingId value="-term-codesystem"/></resource><resource><extension url="http://hl7.org/fhir/StructureDefinition/implementationguide-page"><valueUri value="Bundle-BundleCollectionExample.html"/></extension><reference><reference value="Bundle/BundleCollectionExample"/></reference><name value="BundleCollectionExample"/><description value="Bundle Example"/><exampleCanonical value="http://example.org/ig/example/StructureDefinition/my-bundle"/><groupingId value="-ex-example"/></resource><resource><extension url="http://hl7.org/fhir/StructureDefinition/implementationguide-page"><valueUri value="Bundle-BundleTransactionExample.html"/></extension><reference><reference value="Bundle/BundleTransactionExample"/></reference><name value="BundleTransactionExample"/><description value="Bundle Example"/><exampleCanonical value="http://example.org/ig/example/StructureDefinition/my-bundle"/><groupingId value="-ex-example"/></resource><resource><extension url="http://hl7.org/fhir/StructureDefinition/implementationguide-page"><valueUri value="Observation-CMVObservationExample.html"/></extension><reference><reference value="Observation/CMVObservationExample"/></reference><name value="CMVObservationExample"/><description value="Example of CMV Observations"/><exampleCanonical value="http://example.org/ig/example/StructureDefinition/cmv-observation"/><groupingId value="-ex-example"/></resource><resource><extension url="http://hl7.org/fhir/StructureDefinition/implementationguide-page"><valueUri value="Observation-CMVObservationPresenceExample.html"/></extension><reference><reference value="Observation/CMVObservationPresenceExample"/></reference><name value="CMVObservationPresenceExample"/><description value="Example of CMV Observations"/><exampleCanonical value="http://example.org/ig/example/StructureDefinition/cmv-presence-observation"/><groupingId value="-ex-example"/></resource><resource><extension url="http://hl7.org/fhir/StructureDefinition/implementationguide-page"><valueUri value="Condition-DiagnosisExample-AML.html"/></extension><reference><reference value="Condition/DiagnosisExample-AML"/></reference><name value="DiagnosisExample-AML"/><description value="Example of a Diagnois: AML"/><exampleCanonical value="http://example.org/ig/example/StructureDefinition/my-diagnosis"/><groupingId value="-ex-example"/></resource><resource><extension url="http://hl7.org/fhir/StructureDefinition/implementationguide-page"><valueUri value="Patient-MyCIBMTRPatientExample.html"/></extension><reference><reference value="Patient/MyCIBMTRPatientExample"/></reference><name value="MyCIBMTRPatientExample"/><description value="An example of a patient with a license to krill."/><exampleCanonical value="http://example.org/ig/example/StructureDefinition/MyCIBMTRPatient"/><groupingId value="-ex-example"/></resource><resource><extension url="http://hl7.org/fhir/StructureDefinition/implementationguide-page"><valueUri value="Patient-MyTestPatientExample.html"/></extension><reference><reference value="Patient/MyTestPatientExample"/></reference><name value="MyTestPatientExample"/><description value="An example of a patient with a license to krill."/><exampleCanonical value="http://example.org/ig/example/StructureDefinition/MyTestPatient"/><groupingId value="-ex-example"/></resource><resource><extension url="http://hl7.org/fhir/StructureDefinition/implementationguide-page"><valueUri value="Patient-MyUSCorePatientExample.html"/></extension><reference><reference value="Patient/MyUSCorePatientExample"/></reference><name value="MyUSCorePatientExample"/><description value="An example of a patient with a license to krill."/><exampleCanonical value="http://example.org/ig/example/StructureDefinition/MyUSCorePatient"/><groupingId value="-ex-example"/></resource><resource><extension url="http://hl7.org/fhir/StructureDefinition/implementationguide-page"><valueUri value="Observation-ObservationExample1.html"/></extension><reference><reference value="Observation/ObservationExample1"/></reference><name value="ObservationExample1"/><description value="An example of a MyObservation with a subject. This is required since the profile constrains this element."/><exampleCanonical value="http://example.org/ig/example/StructureDefinition/my-observation"/><groupingId value="-ex-example"/></resource><resource><extension url="http://hl7.org/fhir/StructureDefinition/implementationguide-page"><valueUri value="Observation-ObservationExample2.html"/></extension><reference><reference value="Observation/ObservationExample2"/></reference><name value="ObservationExample2"/><description value="An example of a base Observation without a subject. The base resource doesn't require a subject."/><exampleBoolean value="true"/><groupingId value="-ex-example"/></resource><resource><extension url="http://hl7.org/fhir/StructureDefinition/implementationguide-page"><valueUri value="Observation-ObservationExample3.html"/></extension><reference><reference value="Observation/ObservationExample3"/></reference><name value="ObservationExample3"/><description value="An example of an instance MyObservation with a subject. This profile requires a subject."/><exampleCanonical value="http://example.org/ig/example/StructureDefinition/my-observation"/><groupingId value="-ex-example"/></resource><resource><extension url="http://hl7.org/fhir/StructureDefinition/implementationguide-page"><valueUri value="Patient-PatientExample.html"/></extension><reference><reference value="Patient/PatientExample"/></reference><name value="PatientExample"/><description value="An example of a patient with a license to krill."/><exampleCanonical value="http://example.org/ig/example/StructureDefinition/my-patient"/><groupingId value="-ex-example"/></resource><page><extension url="http://hl7.org/fhir/tools/StructureDefinition/ig-page-name"><valueUrl value="toc.html"/></extension><nameUrl value="toc.html"/><title value="Table of Contents"/><generation value="html"/><page><extension url="http://hl7.org/fhir/tools/StructureDefinition/ig-page-name"><valueUrl value="index.html"/></extension><nameUrl value="index.html"/><title value="Home"/><generation value="markdown"/></page><page><extension url="http://hl7.org/fhir/tools/StructureDefinition/ig-page-name"><valueUrl value="MyGuidance.html"/></extension><nameUrl value="MyGuidance.html"/><title value="My Guidance"/><generation value="markdown"/></page><page><extension url="http://hl7.org/fhir/tools/StructureDefinition/ig-page-name"><valueUrl value="artifacts.html"/></extension><nameUrl value="artifacts.html"/><title value="Artifacts Summary"/><generation value="html"/><page><extension url="http://hl7.org/fhir/tools/StructureDefinition/ig-page-name"><valueUrl value="StructureDefinition-cmv-observation.html"/></extension><nameUrl value="StructureDefinition-cmv-observation.html"/><title value="CMVObservation"/><generation value="generated"/></page><page><extension url="http://hl7.org/fhir/tools/StructureDefinition/ig-page-name"><valueUrl value="StructureDefinition-cmv-presence-observation.html"/></extension><nameUrl value="StructureDefinition-cmv-presence-observation.html"/><title value="CMVPresenceObservation"/><generation value="generated"/></page><page><extension url="http://hl7.org/fhir/tools/StructureDefinition/ig-page-name"><valueUrl value="StructureDefinition-my-bundle.html"/></extension><nameUrl value="StructureDefinition-my-bundle.html"/><title value="My Bundle"/><generation value="generated"/></page><page><extension url="http://hl7.org/fhir/tools/StructureDefinition/ig-page-name"><valueUrl value="StructureDefinition-MyCIBMTRPatient.html"/></extension><nameUrl value="StructureDefinition-MyCIBMTRPatient.html"/><title value="MyCIBMTRPatient"/><generation value="generated"/></page><page><extension url="http://hl7.org/fhir/tools/StructureDefinition/ig-page-name"><valueUrl value="StructureDefinition-my-diagnosis.html"/></extension><nameUrl value="StructureDefinition-my-diagnosis.html"/><title value="MyDiagnosis"/><generation value="generated"/></page><page><extension url="http://hl7.org/fhir/tools/StructureDefinition/ig-page-name"><valueUrl value="StructureDefinition-my-observation.html"/></extension><nameUrl value="StructureDefinition-my-observation.html"/><title value="MyObservation"/><generation value="generated"/></page><page><extension url="http://hl7.org/fhir/tools/StructureDefinition/ig-page-name"><valueUrl value="StructureDefinition-my-patient.html"/></extension><nameUrl value="StructureDefinition-my-patient.html"/><title value="MyPatient"/><generation value="generated"/></page><page><extension url="http://hl7.org/fhir/tools/StructureDefinition/ig-page-name"><valueUrl value="StructureDefinition-MyTestPatient.html"/></extension><nameUrl value="StructureDefinition-MyTestPatient.html"/><title value="MyTestPatient"/><generation value="generated"/></page><page><extension url="http://hl7.org/fhir/tools/StructureDefinition/ig-page-name"><valueUrl value="StructureDefinition-MyUSCorePatient.html"/></extension><nameUrl value="StructureDefinition-MyUSCorePatient.html"/><title value="MyUSCorePatient"/><generation value="generated"/></page><page><extension url="http://hl7.org/fhir/tools/StructureDefinition/ig-page-name"><valueUrl value="StructureDefinition-number-of-remissions.html"/></extension><nameUrl value="StructureDefinition-number-of-remissions.html"/><title value="Number of Remissions of Diagnosis"/><generation value="generated"/></page><page><extension url="http://hl7.org/fhir/tools/StructureDefinition/ig-page-name"><valueUrl value="ValueSet-cmv-presence-vs.html"/></extension><nameUrl value="ValueSet-cmv-presence-vs.html"/><title value="CMV Presence ValueSet"/><generation value="generated"/></page><page><extension url="http://hl7.org/fhir/tools/StructureDefinition/ig-page-name"><valueUrl value="ValueSet-cmv-vs.html"/></extension><nameUrl value="ValueSet-cmv-vs.html"/><title value="CMV ValueSet"/><generation value="generated"/></page><page><extension url="http://hl7.org/fhir/tools/StructureDefinition/ig-page-name"><valueUrl value="ValueSet-gvhd-icd10-codes.html"/></extension><nameUrl value="ValueSet-gvhd-icd10-codes.html"/><title value="GVHD ICD-10 Codes"/><generation value="generated"/></page><page><extension url="http://hl7.org/fhir/tools/StructureDefinition/ig-page-name"><valueUrl value="ValueSet-gvhd-sct-codes.html"/></extension><nameUrl value="ValueSet-gvhd-sct-codes.html"/><title value="GVHD SNOMED CT Codes"/><generation value="generated"/></page><page><extension url="http://hl7.org/fhir/tools/StructureDefinition/ig-page-name"><valueUrl value="ValueSet-gvhd-all-valueset.html"/></extension><nameUrl value="ValueSet-gvhd-all-valueset.html"/><title value="GVHD Type Value Set"/><generation value="generated"/></page><page><extension url="http://hl7.org/fhir/tools/StructureDefinition/ig-page-name"><valueUrl value="ValueSet-hematopoietic-disorder-vs.html"/></extension><nameUrl value="ValueSet-hematopoietic-disorder-vs.html"/><title value="Disorders of hematopoietic structure"/><generation value="generated"/></page><page><extension url="http://hl7.org/fhir/tools/StructureDefinition/ig-page-name"><valueUrl value="ValueSet-presence-lnc-valueset.html"/></extension><nameUrl value="ValueSet-presence-lnc-valueset.html"/><title value="Presence Answer List - LOINC"/><generation value="generated"/></page><page><extension url="http://hl7.org/fhir/tools/StructureDefinition/ig-page-name"><valueUrl value="ValueSet-presence-sct-valueset.html"/></extension><nameUrl value="ValueSet-presence-sct-valueset.html"/><title value="Presence Answer List - Snomed CT"/><generation value="generated"/></page><page><extension url="http://hl7.org/fhir/tools/StructureDefinition/ig-page-name"><valueUrl value="ValueSet-presence-valueset.html"/></extension><nameUrl value="ValueSet-presence-valueset.html"/><title value="Presence Answer List - Snomed and LOINC"/><generation value="generated"/></page><page><extension url="http://hl7.org/fhir/tools/StructureDefinition/ig-page-name"><valueUrl value="CodeSystem-glstring-cs.html"/></extension><nameUrl value="CodeSystem-glstring-cs.html"/><title value="Genotype List String Code CodeSystem"/><generation value="generated"/></page><page><extension url="http://hl7.org/fhir/tools/StructureDefinition/ig-page-name"><valueUrl value="CodeSystem-cibmtr-cadsr-vm-cs.html"/></extension><nameUrl value="CodeSystem-cibmtr-cadsr-vm-cs.html"/><title value="NIH Common Data Element Value Meanings for GVHD"/><generation value="generated"/></page><page><extension url="http://hl7.org/fhir/tools/StructureDefinition/ig-page-name"><valueUrl value="CodeSystem-hla-genename-cs.html"/></extension><nameUrl value="CodeSystem-hla-genename-cs.html"/><title value="HLA HGNC GeneID CodeSystem"/><generation value="generated"/></page><page><extension url="http://hl7.org/fhir/tools/StructureDefinition/ig-page-name"><valueUrl value="CodeSystem-nmdp-practitioner-role-cs.html"/></extension><nameUrl value="CodeSystem-nmdp-practitioner-role-cs.html"/><title value="NMDP Practitioner Roles"/><generation value="generated"/></page><page><extension url="http://hl7.org/fhir/tools/StructureDefinition/ig-page-name"><valueUrl value="Bundle-BundleCollectionExample.html"/></extension><nameUrl value="Bundle-BundleCollectionExample.html"/><title value="BundleCollectionExample"/><generation value="generated"/></page><page><extension url="http://hl7.org/fhir/tools/StructureDefinition/ig-page-name"><valueUrl value="Bundle-BundleTransactionExample.html"/></extension><nameUrl value="Bundle-BundleTransactionExample.html"/><title value="BundleTransactionExample"/><generation value="generated"/></page><page><extension url="http://hl7.org/fhir/tools/StructureDefinition/ig-page-name"><valueUrl value="Observation-CMVObservationExample.html"/></extension><nameUrl value="Observation-CMVObservationExample.html"/><title value="CMVObservationExample"/><generation value="generated"/></page><page><extension url="http://hl7.org/fhir/tools/StructureDefinition/ig-page-name"><valueUrl value="Observation-CMVObservationPresenceExample.html"/></extension><nameUrl value="Observation-CMVObservationPresenceExample.html"/><title value="CMVObservationPresenceExample"/><generation value="generated"/></page><page><extension url="http://hl7.org/fhir/tools/StructureDefinition/ig-page-name"><valueUrl value="Condition-DiagnosisExample-AML.html"/></extension><nameUrl value="Condition-DiagnosisExample-AML.html"/><title value="DiagnosisExample-AML"/><generation value="generated"/></page><page><extension url="http://hl7.org/fhir/tools/StructureDefinition/ig-page-name"><valueUrl value="Patient-MyCIBMTRPatientExample.html"/></extension><nameUrl value="Patient-MyCIBMTRPatientExample.html"/><title value="MyCIBMTRPatientExample"/><generation value="generated"/></page><page><extension url="http://hl7.org/fhir/tools/StructureDefinition/ig-page-name"><valueUrl value="Patient-MyTestPatientExample.html"/></extension><nameUrl value="Patient-MyTestPatientExample.html"/><title value="MyTestPatientExample"/><generation value="generated"/></page><page><extension url="http://hl7.org/fhir/tools/StructureDefinition/ig-page-name"><valueUrl value="Patient-MyUSCorePatientExample.html"/></extension><nameUrl value="Patient-MyUSCorePatientExample.html"/><title value="MyUSCorePatientExample"/><generation value="generated"/></page><page><extension url="http://hl7.org/fhir/tools/StructureDefinition/ig-page-name"><valueUrl value="Observation-ObservationExample1.html"/></extension><nameUrl value="Observation-ObservationExample1.html"/><title value="ObservationExample1"/><generation value="generated"/></page><page><extension url="http://hl7.org/fhir/tools/StructureDefinition/ig-page-name"><valueUrl value="Observation-ObservationExample2.html"/></extension><nameUrl value="Observation-ObservationExample2.html"/><title value="ObservationExample2"/><generation value="generated"/></page><page><extension url="http://hl7.org/fhir/tools/StructureDefinition/ig-page-name"><valueUrl value="Observation-ObservationExample3.html"/></extension><nameUrl value="Observation-ObservationExample3.html"/><title value="ObservationExample3"/><generation value="generated"/></page><page><extension url="http://hl7.org/fhir/tools/StructureDefinition/ig-page-name"><valueUrl value="Patient-PatientExample.html"/></extension><nameUrl value="Patient-PatientExample.html"/><title value="PatientExample"/><generation value="generated"/></page></page></page><parameter><code value="path-resource"/><value value="input/capabilities"/></parameter><parameter><code value="path-resource"/><value value="input/examples"/></parameter><parameter><code value="path-resource"/><value value="input/extensions"/></parameter><parameter><code value="path-resource"/><value value="input/models"/></parameter><parameter><code value="path-resource"/><value value="input/operations"/></parameter><parameter><code value="path-resource"/><value value="input/profiles"/></parameter><parameter><code value="path-resource"/><value value="input/resources"/></parameter><parameter><code value="path-resource"/><value value="input/vocabulary"/></parameter><parameter><code value="path-resource"/><value value="input/maps"/></parameter><parameter><code value="path-resource"/><value value="input/testing"/></parameter><parameter><code value="path-resource"/><value value="input/history"/></parameter><parameter><code value="path-resource"/><value value="fsh-generated/resources"/></parameter><parameter><code value="path-pages"/><value value="template/config"/></parameter><parameter><code value="path-pages"/><value value="input/images"/></parameter><parameter><code value="path-tx-cache"/><value value="input-cache/txcache"/></parameter></definition></ImplementationGuide>