<?xml version="1.0" encoding="UTF-8"?>

<ValueSet xmlns="http://hl7.org/fhir">
  <id value="cmv-presence-vs"/>
  <text>
    <status value="generated"/><div xmlns="http://www.w3.org/1999/xhtml"><ul><li>Include these codes as defined in <a href="http://loinc.org"><code>http://loinc.org</code></a><table class="none"><tr><td style="white-space:nowrap"><b>Code</b></td><td><b>Display</b></td></tr><tr><td><a href="https://loinc.org/13949-3/">13949-3</a></td><td>Cytomegalovirus IgG Ab [Presence] in Serum or Plasma by Immunoassay</td></tr><tr><td><a href="https://loinc.org/15377-5/">15377-5</a></td><td>Cytomegalovirus Ab [Presence] in Serum by Latex agglutination</td></tr><tr><td><a href="https://loinc.org/16718-9/">16718-9</a></td><td>Cytomegalovirus Ag [Presence] in Blood</td></tr><tr><td><a href="https://loinc.org/22239-8/">22239-8</a></td><td>Cytomegalovirus Ab [Presence] in Serum or Plasma</td></tr><tr><td><a href="https://loinc.org/22244-8/">22244-8</a></td><td>Cytomegalovirus IgG Ab [Presence] in Serum or Plasma</td></tr><tr><td><a href="https://loinc.org/24119-0/">24119-0</a></td><td>Cytomegalovirus IgM Ab [Presence] in Serum or Plasma by Immunoassay</td></tr><tr><td><a href="https://loinc.org/28008-1/">28008-1</a></td><td>Cytomegalovirus DNA [Presence] in Blood by Probe with signal amplification</td></tr><tr><td><a href="https://loinc.org/30246-3/">30246-3</a></td><td>Cytomegalovirus DNA [Presence] in Serum or Plasma by NAA with probe detection</td></tr><tr><td><a href="https://loinc.org/30325-5/">30325-5</a></td><td>Cytomegalovirus IgM Ab [Presence] in Serum or Plasma</td></tr><tr><td><a href="https://loinc.org/31795-8/">31795-8</a></td><td>Cytomegalovirus Ag [Presence] in Serum or Plasma</td></tr><tr><td><a href="https://loinc.org/43703-8/">43703-8</a></td><td>Cytomegalovirus [Presence] in Blood by Shell vial culture</td></tr><tr><td><a href="https://loinc.org/49539-0/">49539-0</a></td><td>Cytomegalovirus IgM Ab [Presence] in Serum or Plasma by Immunofluorescence</td></tr><tr><td><a href="https://loinc.org/4996-5/">4996-5</a></td><td>Cytomegalovirus DNA [Presence] in Blood by NAA with probe detection</td></tr><tr><td><a href="https://loinc.org/5835-4/">5835-4</a></td><td>Cytomegalovirus [Presence] in Blood by Organism specific culture</td></tr><tr><td><a href="https://loinc.org/59838-3/">59838-3</a></td><td>Cytomegalovirus Ab [Presence] in Serum or Plasma by Latex agglutination</td></tr><tr><td><a href="https://loinc.org/6376-8/">6376-8</a></td><td>Cytomegalovirus Ag [Presence] in Serum or Plasma by Immunoassay</td></tr><tr><td><a href="https://loinc.org/6377-6/">6377-6</a></td><td>Cytomegalovirus Ag [Presence] in Serum or Plasma by Immunofluorescence</td></tr><tr><td><a href="https://loinc.org/67805-2/">67805-2</a></td><td>Cytomegalovirus Ag [Presence] in Isolate by Immunofluorescence</td></tr><tr><td><a href="https://loinc.org/78445-4/">78445-4</a></td><td>Cytomegalovirus IgG Ab avidity [Presence] in Serum or Plasma by Immunoassay</td></tr><tr><td><a href="https://loinc.org/88535-0/">88535-0</a></td><td>Cytomegalovirus DNA [Presence] in DBS by NAA with probe detection</td></tr></table></li></ul></div>
  </text>
  <url value="http://example.org/ig/exampleig/ValueSet/cmv-presence-vs"/>
  <version value="0.1.0"/>
  <name value="CMVPresenceValueSet"/>
  <title value="CMV Presence ValueSet"/>
  <status value="active"/>
  <experimental value="true"/>
  <date value="2023-05-02T11:11:03-05:00"/>
  <publisher value="Example Publisher"/>
  <contact>
    <name value="Example Publisher"/>
    <telecom>
      <system value="url"/>
      <value value="http://example.org/example-publisher"/>
    </telecom>
  </contact>
  <description value="Cytomegalovirus [Presence] ValueSet."/>
  <compose>
    <include>
      <system value="http://loinc.org"/>
      <concept>
        <code value="13949-3"/>
        <display value="Cytomegalovirus IgG Ab [Presence] in Serum or Plasma by Immunoassay"/>
      </concept>
      <concept>
        <code value="15377-5"/>
        <display value="Cytomegalovirus Ab [Presence] in Serum by Latex agglutination"/>
      </concept>
      <concept>
        <code value="16718-9"/>
        <display value="Cytomegalovirus Ag [Presence] in Blood"/>
      </concept>
      <concept>
        <code value="22239-8"/>
        <display value="Cytomegalovirus Ab [Presence] in Serum or Plasma"/>
      </concept>
      <concept>
        <code value="22244-8"/>
        <display value="Cytomegalovirus IgG Ab [Presence] in Serum or Plasma"/>
      </concept>
      <concept>
        <code value="24119-0"/>
        <display value="Cytomegalovirus IgM Ab [Presence] in Serum or Plasma by Immunoassay"/>
      </concept>
      <concept>
        <code value="28008-1"/>
        <display value="Cytomegalovirus DNA [Presence] in Blood by Probe with signal amplification"/>
      </concept>
      <concept>
        <code value="30246-3"/>
        <display value="Cytomegalovirus DNA [Presence] in Serum or Plasma by NAA with probe detection"/>
      </concept>
      <concept>
        <code value="30325-5"/>
        <display value="Cytomegalovirus IgM Ab [Presence] in Serum or Plasma"/>
      </concept>
      <concept>
        <code value="31795-8"/>
        <display value="Cytomegalovirus Ag [Presence] in Serum or Plasma"/>
      </concept>
      <concept>
        <code value="43703-8"/>
        <display value="Cytomegalovirus [Presence] in Blood by Shell vial culture"/>
      </concept>
      <concept>
        <code value="49539-0"/>
        <display value="Cytomegalovirus IgM Ab [Presence] in Serum or Plasma by Immunofluorescence"/>
      </concept>
      <concept>
        <code value="4996-5"/>
        <display value="Cytomegalovirus DNA [Presence] in Blood by NAA with probe detection"/>
      </concept>
      <concept>
        <code value="5835-4"/>
        <display value="Cytomegalovirus [Presence] in Blood by Organism specific culture"/>
      </concept>
      <concept>
        <code value="59838-3"/>
        <display value="Cytomegalovirus Ab [Presence] in Serum or Plasma by Latex agglutination"/>
      </concept>
      <concept>
        <code value="6376-8"/>
        <display value="Cytomegalovirus Ag [Presence] in Serum or Plasma by Immunoassay"/>
      </concept>
      <concept>
        <code value="6377-6"/>
        <display value="Cytomegalovirus Ag [Presence] in Serum or Plasma by Immunofluorescence"/>
      </concept>
      <concept>
        <code value="67805-2"/>
        <display value="Cytomegalovirus Ag [Presence] in Isolate by Immunofluorescence"/>
      </concept>
      <concept>
        <code value="78445-4"/>
        <display value="Cytomegalovirus IgG Ab avidity [Presence] in Serum or Plasma by Immunoassay"/>
      </concept>
      <concept>
        <code value="88535-0"/>
        <display value="Cytomegalovirus DNA [Presence] in DBS by NAA with probe detection"/>
      </concept>
    </include>
  </compose>
</ValueSet>