<?xml version="1.0" encoding="UTF-8"?><ValueSet xmlns="http://hl7.org/fhir"><id value="cmv-vs"/><text><status value="generated"/><div xmlns="http://www.w3.org/1999/xhtml"><ul><li>Include these codes as defined in <a href="http://loinc.org"><code>http://loinc.org</code></a><table class="none"><tr><td style="white-space:nowrap"><b>Code</b></td><td><b>Display</b></td></tr><tr><td><a href="https://loinc.org/10391-1/">10391-1</a></td><td>Cytomegalovirus immune globulin given [Volume]</td></tr><tr><td><a href="https://loinc.org/13225-8/">13225-8</a></td><td>Cytomegalovirus IgG Ab [Units/volume] in Serum or Plasma --1st specimen</td></tr><tr><td><a href="https://loinc.org/13949-3/">13949-3</a></td><td>Cytomegalovirus IgG Ab [Presence] in Serum or Plasma by Immunoassay</td></tr><tr><td><a href="https://loinc.org/15377-5/">15377-5</a></td><td>Cytomegalovirus Ab [Presence] in Serum by Latex agglutination</td></tr><tr><td><a href="https://loinc.org/16714-8/">16714-8</a></td><td>Cytomegalovirus Ab [Units/volume] in Serum by Latex agglutination</td></tr><tr><td><a href="https://loinc.org/16715-5/">16715-5</a></td><td>Cytomegalovirus IgG Ab [Units/volume] in Serum or Plasma by Immunofluorescence</td></tr><tr><td><a href="https://loinc.org/16716-3/">16716-3</a></td><td>Cytomegalovirus IgG Ab [Units/volume] in Serum or Plasma by Immunoassay --2nd specimen</td></tr><tr><td><a href="https://loinc.org/16718-9/">16718-9</a></td><td>Cytomegalovirus Ag [Presence] in Blood</td></tr><tr><td><a href="https://loinc.org/20475-0/">20475-0</a></td><td>Cytomegalovirus IgG Ab [Interpretation] in Serum or Plasma</td></tr><tr><td><a href="https://loinc.org/22239-8/">22239-8</a></td><td>Cytomegalovirus Ab [Presence] in Serum or Plasma</td></tr><tr><td><a href="https://loinc.org/22241-4/">22241-4</a></td><td>Cytomegalovirus Ab [Titer] in Serum or Plasma</td></tr><tr><td><a href="https://loinc.org/22244-8/">22244-8</a></td><td>Cytomegalovirus IgG Ab [Presence] in Serum or Plasma</td></tr><tr><td><a href="https://loinc.org/22246-3/">22246-3</a></td><td>Cytomegalovirus IgG Ab [Titer] in Serum or Plasma</td></tr><tr><td><a href="https://loinc.org/22247-1/">22247-1</a></td><td>Cytomegalovirus IgG Ab [Units/volume] in Serum or Plasma --2nd specimen</td></tr><tr><td><a href="https://loinc.org/22249-7/">22249-7</a></td><td>Cytomegalovirus IgM Ab [Titer] in Serum or Plasma</td></tr><tr><td><a href="https://loinc.org/24119-0/">24119-0</a></td><td>Cytomegalovirus IgM Ab [Presence] in Serum or Plasma by Immunoassay</td></tr><tr><td><a href="https://loinc.org/28008-1/">28008-1</a></td><td>Cytomegalovirus DNA [Presence] in Blood by Probe with signal amplification</td></tr><tr><td><a href="https://loinc.org/29590-7/">29590-7</a></td><td>Cytomegalovirus DNA [Mass/volume] (viral load) in Blood by Probe</td></tr><tr><td><a href="https://loinc.org/29604-6/">29604-6</a></td><td>Cytomegalovirus DNA [#/volume] (viral load) in Blood by NAA with probe detection</td></tr><tr><td><a href="https://loinc.org/30246-3/">30246-3</a></td><td>Cytomegalovirus DNA [Presence] in Serum or Plasma by NAA with probe detection</td></tr><tr><td><a href="https://loinc.org/30247-1/">30247-1</a></td><td>Cytomegalovirus DNA [#/volume] (viral load) in Serum or Plasma by NAA with probe detection</td></tr><tr><td><a href="https://loinc.org/30325-5/">30325-5</a></td><td>Cytomegalovirus IgM Ab [Presence] in Serum or Plasma</td></tr><tr><td><a href="https://loinc.org/31795-8/">31795-8</a></td><td>Cytomegalovirus Ag [Presence] in Serum or Plasma</td></tr><tr><td><a href="https://loinc.org/32170-3/">32170-3</a></td><td>Cytomegalovirus Ab [Titer] in Serum or Plasma by Immunofluorescence</td></tr><tr><td><a href="https://loinc.org/32791-6/">32791-6</a></td><td>Cytomegalovirus IgG Ab [Ratio] in Serum or Plasma by Immunoassay --1st specimen/2nd specimen</td></tr><tr><td><a href="https://loinc.org/32835-1/">32835-1</a></td><td>Cytomegalovirus IgG Ab [Ratio] in Serum or Plasma --1st specimen/2nd specimen</td></tr><tr><td><a href="https://loinc.org/43703-8/">43703-8</a></td><td>Cytomegalovirus [Presence] in Blood by Shell vial culture</td></tr><tr><td><a href="https://loinc.org/49349-4/">49349-4</a></td><td>Cytomegalovirus DNA [#/volume] (viral load) in Bronchoalveolar lavage by NAA with probe detection</td></tr><tr><td><a href="https://loinc.org/49539-0/">49539-0</a></td><td>Cytomegalovirus IgM Ab [Presence] in Serum or Plasma by Immunofluorescence</td></tr><tr><td><a href="https://loinc.org/4996-5/">4996-5</a></td><td>Cytomegalovirus DNA [Presence] in Blood by NAA with probe detection</td></tr><tr><td><a href="https://loinc.org/5121-9/">5121-9</a></td><td>Cytomegalovirus Ab [Titer] in Serum or Plasma by Latex agglutination</td></tr><tr><td><a href="https://loinc.org/5122-7/">5122-7</a></td><td>Cytomegalovirus Ab [Units/volume] in Serum or Plasma by Immunofluorescence</td></tr><tr><td><a href="https://loinc.org/5124-3/">5124-3</a></td><td>Cytomegalovirus IgG Ab [Units/volume] in Serum or Plasma by Immunoassay</td></tr><tr><td><a href="https://loinc.org/5125-0/">5125-0</a></td><td>Cytomegalovirus IgG Ab [Titer] in Serum or Plasma by Immunofluorescence</td></tr><tr><td><a href="https://loinc.org/5126-8/">5126-8</a></td><td>Cytomegalovirus IgM Ab [Units/volume] in Serum or Plasma by Immunoassay</td></tr><tr><td><a href="https://loinc.org/5127-6/">5127-6</a></td><td>Cytomegalovirus IgM Ab [Titer] in Serum or Plasma by Immunofluorescence</td></tr><tr><td><a href="https://loinc.org/52976-8/">52976-8</a></td><td>Cytomegalovirus Ab [Units/volume] in Serum by Complement fixation</td></tr><tr><td><a href="https://loinc.org/52984-2/">52984-2</a></td><td>Cytomegalovirus IgG Ab avidity [Ratio] in Serum or Plasma by Immunoassay</td></tr><tr><td><a href="https://loinc.org/54164-9/">54164-9</a></td><td>Cytomegalovirus immediate-early Ag [Presence] in Blood</td></tr><tr><td><a href="https://loinc.org/54206-8/">54206-8</a></td><td>Cytomegalovirus DNA [Log #/volume] (viral load) in Serum or Plasma by NAA with probe detection</td></tr><tr><td><a href="https://loinc.org/5835-4/">5835-4</a></td><td>Cytomegalovirus [Presence] in Blood by Organism specific culture</td></tr><tr><td><a href="https://loinc.org/59838-3/">59838-3</a></td><td>Cytomegalovirus Ab [Presence] in Serum or Plasma by Latex agglutination</td></tr><tr><td><a href="https://loinc.org/6376-8/">6376-8</a></td><td>Cytomegalovirus Ag [Presence] in Serum or Plasma by Immunoassay</td></tr><tr><td><a href="https://loinc.org/6377-6/">6377-6</a></td><td>Cytomegalovirus Ag [Presence] in Serum or Plasma by Immunofluorescence</td></tr><tr><td><a href="https://loinc.org/67805-2/">67805-2</a></td><td>Cytomegalovirus Ag [Presence] in Isolate by Immunofluorescence</td></tr><tr><td><a href="https://loinc.org/72493-0/">72493-0</a></td><td>Cytomegalovirus DNA [Units/volume] (viral load) in Plasma by NAA with probe detection</td></tr><tr><td><a href="https://loinc.org/72494-8/">72494-8</a></td><td>Cytomegalovirus DNA [log units/volume] (viral load) in Plasma by NAA with probe detection</td></tr><tr><td><a href="https://loinc.org/78445-4/">78445-4</a></td><td>Cytomegalovirus IgG Ab avidity [Presence] in Serum or Plasma by Immunoassay</td></tr><tr><td><a href="https://loinc.org/7851-9/">7851-9</a></td><td>Cytomegalovirus Ab [Units/volume] in Serum or Plasma</td></tr><tr><td><a href="https://loinc.org/7852-7/">7852-7</a></td><td>Cytomegalovirus IgG Ab [Units/volume] in Serum or Plasma</td></tr><tr><td><a href="https://loinc.org/7853-5/">7853-5</a></td><td>Cytomegalovirus IgM Ab [Units/volume] in Serum or Plasma</td></tr><tr><td><a href="https://loinc.org/87424-8/">87424-8</a></td><td>Cytomegalovirus IgG and IgM panel - Serum or Plasma Qualitative</td></tr><tr><td><a href="https://loinc.org/88535-0/">88535-0</a></td><td>Cytomegalovirus DNA [Presence] in DBS by NAA with probe detection</td></tr><tr><td><a href="https://loinc.org/88545-9/">88545-9</a></td><td>Cytomegalovirus DNA [#/volume] (viral load) in DBS by NAA with probe detection</td></tr><tr><td><a href="https://loinc.org/9513-3/">9513-3</a></td><td>Cytomegalovirus Ab [Titer] in Serum by Complement fixation</td></tr><tr><td><a href="https://loinc.org/95184-8/">95184-8</a></td><td>Cytomegalovirus T-cell immunodeficiency panel - Blood by Flow cytometry (FC)</td></tr></table></li></ul></div></text><url value="http://example.org/ig/exampleig/ValueSet/cmv-vs"/><version value="0.1.0"/><name value="CMVValueSet"/><title value="CMV ValueSet"/><status value="active"/><experimental value="true"/><date value="2023-05-02T10:49:48-05:00"/><publisher value="Example Publisher"/><contact><name value="Example Publisher"/><telecom><system value="url"/><value value="http://example.org/example-publisher"/></telecom></contact><description value="Cytomegalovirus ValueSet"/><compose><include><system value="http://loinc.org"/><concept><code value="10391-1"/><display value="Cytomegalovirus immune globulin given [Volume]"/></concept><concept><code value="13225-8"/><display value="Cytomegalovirus IgG Ab [Units/volume] in Serum or Plasma --1st specimen"/></concept><concept><code value="13949-3"/><display value="Cytomegalovirus IgG Ab [Presence] in Serum or Plasma by Immunoassay"/></concept><concept><code value="15377-5"/><display value="Cytomegalovirus Ab [Presence] in Serum by Latex agglutination"/></concept><concept><code value="16714-8"/><display value="Cytomegalovirus Ab [Units/volume] in Serum by Latex agglutination"/></concept><concept><code value="16715-5"/><display value="Cytomegalovirus IgG Ab [Units/volume] in Serum or Plasma by Immunofluorescence"/></concept><concept><code value="16716-3"/><display value="Cytomegalovirus IgG Ab [Units/volume] in Serum or Plasma by Immunoassay --2nd specimen"/></concept><concept><code value="16718-9"/><display value="Cytomegalovirus Ag [Presence] in Blood"/></concept><concept><code value="20475-0"/><display value="Cytomegalovirus IgG Ab [Interpretation] in Serum or Plasma"/></concept><concept><code value="22239-8"/><display value="Cytomegalovirus Ab [Presence] in Serum or Plasma"/></concept><concept><code value="22241-4"/><display value="Cytomegalovirus Ab [Titer] in Serum or Plasma"/></concept><concept><code value="22244-8"/><display value="Cytomegalovirus IgG Ab [Presence] in Serum or Plasma"/></concept><concept><code value="22246-3"/><display value="Cytomegalovirus IgG Ab [Titer] in Serum or Plasma"/></concept><concept><code value="22247-1"/><display value="Cytomegalovirus IgG Ab [Units/volume] in Serum or Plasma --2nd specimen"/></concept><concept><code value="22249-7"/><display value="Cytomegalovirus IgM Ab [Titer] in Serum or Plasma"/></concept><concept><code value="24119-0"/><display value="Cytomegalovirus IgM Ab [Presence] in Serum or Plasma by Immunoassay"/></concept><concept><code value="28008-1"/><display value="Cytomegalovirus DNA [Presence] in Blood by Probe with signal amplification"/></concept><concept><code value="29590-7"/><display value="Cytomegalovirus DNA [Mass/volume] (viral load) in Blood by Probe"/></concept><concept><code value="29604-6"/><display value="Cytomegalovirus DNA [#/volume] (viral load) in Blood by NAA with probe detection"/></concept><concept><code value="30246-3"/><display value="Cytomegalovirus DNA [Presence] in Serum or Plasma by NAA with probe detection"/></concept><concept><code value="30247-1"/><display value="Cytomegalovirus DNA [#/volume] (viral load) in Serum or Plasma by NAA with probe detection"/></concept><concept><code value="30325-5"/><display value="Cytomegalovirus IgM Ab [Presence] in Serum or Plasma"/></concept><concept><code value="31795-8"/><display value="Cytomegalovirus Ag [Presence] in Serum or Plasma"/></concept><concept><code value="32170-3"/><display value="Cytomegalovirus Ab [Titer] in Serum or Plasma by Immunofluorescence"/></concept><concept><code value="32791-6"/><display value="Cytomegalovirus IgG Ab [Ratio] in Serum or Plasma by Immunoassay --1st specimen/2nd specimen"/></concept><concept><code value="32835-1"/><display value="Cytomegalovirus IgG Ab [Ratio] in Serum or Plasma --1st specimen/2nd specimen"/></concept><concept><code value="43703-8"/><display value="Cytomegalovirus [Presence] in Blood by Shell vial culture"/></concept><concept><code value="49349-4"/><display value="Cytomegalovirus DNA [#/volume] (viral load) in Bronchoalveolar lavage by NAA with probe detection"/></concept><concept><code value="49539-0"/><display value="Cytomegalovirus IgM Ab [Presence] in Serum or Plasma by Immunofluorescence"/></concept><concept><code value="4996-5"/><display value="Cytomegalovirus DNA [Presence] in Blood by NAA with probe detection"/></concept><concept><code value="5121-9"/><display value="Cytomegalovirus Ab [Titer] in Serum or Plasma by Latex agglutination"/></concept><concept><code value="5122-7"/><display value="Cytomegalovirus Ab [Units/volume] in Serum or Plasma by Immunofluorescence"/></concept><concept><code value="5124-3"/><display value="Cytomegalovirus IgG Ab [Units/volume] in Serum or Plasma by Immunoassay"/></concept><concept><code value="5125-0"/><display value="Cytomegalovirus IgG Ab [Titer] in Serum or Plasma by Immunofluorescence"/></concept><concept><code value="5126-8"/><display value="Cytomegalovirus IgM Ab [Units/volume] in Serum or Plasma by Immunoassay"/></concept><concept><code value="5127-6"/><display value="Cytomegalovirus IgM Ab [Titer] in Serum or Plasma by Immunofluorescence"/></concept><concept><code value="52976-8"/><display value="Cytomegalovirus Ab [Units/volume] in Serum by Complement fixation"/></concept><concept><code value="52984-2"/><display value="Cytomegalovirus IgG Ab avidity [Ratio] in Serum or Plasma by Immunoassay"/></concept><concept><code value="54164-9"/><display value="Cytomegalovirus immediate-early Ag [Presence] in Blood"/></concept><concept><code value="54206-8"/><display value="Cytomegalovirus DNA [Log #/volume] (viral load) in Serum or Plasma by NAA with probe detection"/></concept><concept><code value="5835-4"/><display value="Cytomegalovirus [Presence] in Blood by Organism specific culture"/></concept><concept><code value="59838-3"/><display value="Cytomegalovirus Ab [Presence] in Serum or Plasma by Latex agglutination"/></concept><concept><code value="6376-8"/><display value="Cytomegalovirus Ag [Presence] in Serum or Plasma by Immunoassay"/></concept><concept><code value="6377-6"/><display value="Cytomegalovirus Ag [Presence] in Serum or Plasma by Immunofluorescence"/></concept><concept><code value="67805-2"/><display value="Cytomegalovirus Ag [Presence] in Isolate by Immunofluorescence"/></concept><concept><code value="72493-0"/><display value="Cytomegalovirus DNA [Units/volume] (viral load) in Plasma by NAA with probe detection"/></concept><concept><code value="72494-8"/><display value="Cytomegalovirus DNA [log units/volume] (viral load) in Plasma by NAA with probe detection"/></concept><concept><code value="78445-4"/><display value="Cytomegalovirus IgG Ab avidity [Presence] in Serum or Plasma by Immunoassay"/></concept><concept><code value="7851-9"/><display value="Cytomegalovirus Ab [Units/volume] in Serum or Plasma"/></concept><concept><code value="7852-7"/><display value="Cytomegalovirus IgG Ab [Units/volume] in Serum or Plasma"/></concept><concept><code value="7853-5"/><display value="Cytomegalovirus IgM Ab [Units/volume] in Serum or Plasma"/></concept><concept><code value="87424-8"/><display value="Cytomegalovirus IgG and IgM panel - Serum or Plasma Qualitative"/></concept><concept><code value="88535-0"/><display value="Cytomegalovirus DNA [Presence] in DBS by NAA with probe detection"/></concept><concept><code value="88545-9"/><display value="Cytomegalovirus DNA [#/volume] (viral load) in DBS by NAA with probe detection"/></concept><concept><code value="9513-3"/><display value="Cytomegalovirus Ab [Titer] in Serum by Complement fixation"/></concept><concept><code value="95184-8"/><display value="Cytomegalovirus T-cell immunodeficiency panel - Blood by Flow cytometry (FC)"/></concept></include></compose></ValueSet>