<?xml version="1.0" encoding="UTF-8"?><ValueSet xmlns="http://hl7.org/fhir"><id value="presence-sct-valueset"/><text><status value="generated"/><div xmlns="http://www.w3.org/1999/xhtml"><ul><li>Include these codes as defined in <a href="http://www.snomed.org/"><code>http://snomed.info/sct</code></a><table class="none"><tr><td style="white-space:nowrap"><b>Code</b></td><td><b>Display</b></td></tr><tr><td><a href="http://snomed.info/id/52101004">52101004</a></td><td>Present</td></tr><tr><td><a href="http://snomed.info/id/2667000">2667000</a></td><td>Absent</td></tr></table></li></ul></div></text><url value="http://example.org/ig/exampleig/ValueSet/presence-sct-valueset"/><version value="0.1.0"/><name value="PresenceSCTValueSet"/><title value="Presence Answer List - Snomed CT"/><status value="active"/><experimental value="true"/><date value="2023-05-02T10:49:48-05:00"/><publisher value="Example Publisher"/><contact><name value="Example Publisher"/><telecom><system value="url"/><value value="http://example.org/example-publisher"/></telecom></contact><description value="Permissible values for presence - Snomed CT"/><compose><include><system value="http://snomed.info/sct"/><concept><code value="52101004"/><display value="Present"/></concept><concept><code value="2667000"/><display value="Absent"/></concept></include></compose></ValueSet>