{
  "resourceType" : "ValueSet",
  "id" : "presence-valueset",
  "text" : {
    "status" : "generated",
    "div" : "<div xmlns=\"http://www.w3.org/1999/xhtml\"><p>This value set includes codes based on the following rules:</p><ul><li>Import all the codes that are contained in <a href=\"ValueSet-presence-sct-valueset.html\">Presence Answer List - Snomed CT</a></li><li>Import all the codes that are contained in <a href=\"ValueSet-presence-lnc-valueset.html\">Presence Answer List - LOINC</a></li></ul></div>"
  },
  "url" : "http://example.org/ig/exampleig/ValueSet/presence-valueset",
  "version" : "0.2.0",
  "name" : "PresenceValueSet",
  "title" : "Presence Answer List - Snomed and LOINC",
  "status" : "active",
  "experimental" : true,
  "date" : "2023-05-02T14:51:26-05:00",
  "publisher" : "Example Publisher",
  "contact" : [{
    "name" : "Example Publisher",
    "telecom" : [{
      "system" : "url",
      "value" : "http://example.org/example-publisher"
    }]
  }],
  "description" : "Permissible values for presence, from Snomed CT and LOINC",
  "compose" : {
    "include" : [{
      "valueSet" : ["http://example.org/ig/exampleig/ValueSet/presence-sct-valueset"]
    },
    {
      "valueSet" : ["http://example.org/ig/exampleig/ValueSet/presence-lnc-valueset"]
    }]
  }
}