<?xml version="1.0" encoding="UTF-8"?><ValueSet xmlns="http://hl7.org/fhir"><id value="hematopoietic-disorder-vs"/><text><status value="generated"/><div xmlns="http://www.w3.org/1999/xhtml"><ul><li>Include codes from <a href="http://www.snomed.org/"><code>http://snomed.info/sct</code></a> where concept  is-a  414027002 (Disorder of hematopoietic structure (disorder))</li></ul></div></text><url value="http://example.org/ig/exampleig/ValueSet/hematopoietic-disorder-vs"/><version value="0.1.0"/><name value="HematopoieticDisorderVS"/><title value="Disorders of hematopoietic structure"/><status value="active"/><experimental value="true"/><date value="2023-05-02T14:37:40-05:00"/><publisher value="Example Publisher"/><contact><name value="Example Publisher"/><telecom><system value="url"/><value value="http://example.org/example-publisher"/></telecom></contact><description value="SNOMED: Disorders of hematopoietic structure"/><compose><include><system value="http://snomed.info/sct"/><filter><property value="concept"/><op value="is-a"/><value value="414027002"/></filter></include></compose></ValueSet>