{
  "resourceType" : "CodeSystem",
  "id" : "cibmtr-cadsr-vm-cs",
  "text" : {
    "status" : "generated",
    "div" : "<div xmlns=\"http://www.w3.org/1999/xhtml\"><p>This code system <code>http://cdebrowser.nci.nih.gov</code> defines many codes, of which the following are a subset:</p><table class=\"codes\"><tr><td style=\"white-space:nowrap\"><b>Code</b></td><td><b>Display</b></td><td><b>Definition</b></td></tr><tr><td style=\"white-space:nowrap\">4722619<a name=\"cibmtr-cadsr-vm-cs-4722619\"> </a></td><td>Acute GVHD</td><td>Acute Graft Vs Host Disease</td></tr><tr><td style=\"white-space:nowrap\">2991794<a name=\"cibmtr-cadsr-vm-cs-2991794\"> </a></td><td>Classic cGVHD</td><td>Classic chronic Graft Vs Host Disease</td></tr><tr><td style=\"white-space:nowrap\">2991795<a name=\"cibmtr-cadsr-vm-cs-2991795\"> </a></td><td>Overlap cGVHD</td><td>Overlap chronic Graft Vs Host Disease</td></tr><tr><td style=\"white-space:nowrap\">2991796<a name=\"cibmtr-cadsr-vm-cs-2991796\"> </a></td><td>Late Acute GVHD</td><td>Late Acute Graft Vs Host Disease</td></tr><tr><td style=\"white-space:nowrap\">3261243<a name=\"cibmtr-cadsr-vm-cs-3261243\"> </a></td><td>Not Applicable</td><td>Not Applicable</td></tr></table></div>"
  },
  "url" : "http://cdebrowser.nci.nih.gov",
  "version" : "0.1.0",
  "name" : "GVHD_CADSR_VM_CS",
  "title" : "NIH Common Data Element Value Meanings for GVHD",
  "status" : "active",
  "experimental" : false,
  "date" : "2023-04-20T09:15:43-05:00",
  "publisher" : "Example Publisher",
  "contact" : [{
    "name" : "Example Publisher",
    "telecom" : [{
      "system" : "url",
      "value" : "http://example.org/example-publisher"
    }]
  }],
  "description" : "NIH Common Data Element Value Meanings for GVHD",
  "copyright" : "National Cancer Institute (NCI)",
  "caseSensitive" : true,
  "content" : "fragment",
  "concept" : [{
    "code" : "4722619",
    "display" : "Acute GVHD",
    "definition" : "Acute Graft Vs Host Disease"
  },
  {
    "code" : "2991794",
    "display" : "Classic cGVHD",
    "definition" : "Classic chronic Graft Vs Host Disease"
  },
  {
    "code" : "2991795",
    "display" : "Overlap cGVHD",
    "definition" : "Overlap chronic Graft Vs Host Disease"
  },
  {
    "code" : "2991796",
    "display" : "Late Acute GVHD",
    "definition" : "Late Acute Graft Vs Host Disease"
  },
  {
    "code" : "3261243",
    "display" : "Not Applicable",
    "definition" : "Not Applicable"
  }]
}