{
  "resourceType" : "ImplementationGuide",
  "id" : "example.fhir.exampleig",
  "text" : {
    "status" : "extensions",
    "div" : "<div xmlns=\"http://www.w3.org/1999/xhtml\"><h2>ExampleIG</h2><p>The official URL for this implementation guide is: </p><pre>http://example.org/ig/exampleig/ImplementationGuide/example.fhir.exampleig</pre></div>"
  },
  "extension" : [{
    "url" : "http://hl7.org/fhir/tools/StructureDefinition/ig-internal-dependency",
    "valueCode" : "hl7.fhir.uv.tools#current"
  }],
  "url" : "http://example.org/ig/exampleig/ImplementationGuide/example.fhir.exampleig",
  "version" : "0.1.0",
  "name" : "ExampleIG",
  "status" : "draft",
  "date" : "2023-04-27T11:07:01-05:00",
  "publisher" : "Example Publisher",
  "contact" : [{
    "name" : "Example Publisher",
    "telecom" : [{
      "system" : "url",
      "value" : "http://example.org/example-publisher"
    }]
  }],
  "packageId" : "example.fhir.exampleig",
  "license" : "CC0-1.0",
  "fhirVersion" : ["4.0.1"],
  "dependsOn" : [{
    "id" : "hl7tx",
    "extension" : [{
      "url" : "http://hl7.org/fhir/tools/StructureDefinition/implementationguide-dependency-comment",
      "valueMarkdown" : "Automatically added as a dependency - all IGs depend on HL7 Terminology"
    }],
    "uri" : "http://terminology.hl7.org/ImplementationGuide/hl7.terminology",
    "packageId" : "hl7.terminology.r4",
    "version" : "5.0.0"
  },
  {
    "id" : "hl7_fhir_us_core",
    "uri" : "http://hl7.org/fhir/us/core/ImplementationGuide/hl7.fhir.us.core",
    "packageId" : "hl7.fhir.us.core",
    "version" : "3.1.0"
  }],
  "definition" : {
    "extension" : [{
      "extension" : [{
        "url" : "code",
        "valueString" : "copyrightyear"
      },
      {
        "url" : "value",
        "valueString" : "2023+"
      }],
      "url" : "http://hl7.org/fhir/tools/StructureDefinition/ig-parameter"
    },
    {
      "extension" : [{
        "url" : "code",
        "valueString" : "releaselabel"
      },
      {
        "url" : "value",
        "valueString" : "ci-build"
      }],
      "url" : "http://hl7.org/fhir/tools/StructureDefinition/ig-parameter"
    },
    {
      "extension" : [{
        "url" : "code",
        "valueString" : "special-url"
      },
      {
        "url" : "value",
        "valueString" : "http://cdebrowser.nci.nih.gov"
      }],
      "url" : "http://hl7.org/fhir/tools/StructureDefinition/ig-parameter"
    },
    {
      "extension" : [{
        "url" : "code",
        "valueString" : "special-url"
      },
      {
        "url" : "value",
        "valueString" : "http://www.genenames.org/geneId"
      }],
      "url" : "http://hl7.org/fhir/tools/StructureDefinition/ig-parameter"
    },
    {
      "extension" : [{
        "url" : "code",
        "valueString" : "special-url"
      },
      {
        "url" : "value",
        "valueString" : "http://www.glstring.org"
      }],
      "url" : "http://hl7.org/fhir/tools/StructureDefinition/ig-parameter"
    },
    {
      "extension" : [{
        "url" : "code",
        "valueString" : "special-url"
      },
      {
        "url" : "value",
        "valueString" : "http://terminology.nmdp.org/codesystem/practitionerrole"
      }],
      "url" : "http://hl7.org/fhir/tools/StructureDefinition/ig-parameter"
    },
    {
      "extension" : [{
        "url" : "code",
        "valueString" : "autoload-resources"
      },
      {
        "url" : "value",
        "valueString" : "true"
      }],
      "url" : "http://hl7.org/fhir/tools/StructureDefinition/ig-parameter"
    },
    {
      "extension" : [{
        "url" : "code",
        "valueString" : "path-liquid"
      },
      {
        "url" : "value",
        "valueString" : "template/liquid"
      }],
      "url" : "http://hl7.org/fhir/tools/StructureDefinition/ig-parameter"
    },
    {
      "extension" : [{
        "url" : "code",
        "valueString" : "path-liquid"
      },
      {
        "url" : "value",
        "valueString" : "input/liquid"
      }],
      "url" : "http://hl7.org/fhir/tools/StructureDefinition/ig-parameter"
    },
    {
      "extension" : [{
        "url" : "code",
        "valueString" : "path-qa"
      },
      {
        "url" : "value",
        "valueString" : "temp/qa"
      }],
      "url" : "http://hl7.org/fhir/tools/StructureDefinition/ig-parameter"
    },
    {
      "extension" : [{
        "url" : "code",
        "valueString" : "path-temp"
      },
      {
        "url" : "value",
        "valueString" : "temp/pages"
      }],
      "url" : "http://hl7.org/fhir/tools/StructureDefinition/ig-parameter"
    },
    {
      "extension" : [{
        "url" : "code",
        "valueString" : "path-output"
      },
      {
        "url" : "value",
        "valueString" : "output"
      }],
      "url" : "http://hl7.org/fhir/tools/StructureDefinition/ig-parameter"
    },
    {
      "extension" : [{
        "url" : "code",
        "valueString" : "path-suppressed-warnings"
      },
      {
        "url" : "value",
        "valueString" : "input/ignoreWarnings.txt"
      }],
      "url" : "http://hl7.org/fhir/tools/StructureDefinition/ig-parameter"
    },
    {
      "extension" : [{
        "url" : "code",
        "valueString" : "path-history"
      },
      {
        "url" : "value",
        "valueString" : "http://example.org/ig/exampleig/history.html"
      }],
      "url" : "http://hl7.org/fhir/tools/StructureDefinition/ig-parameter"
    },
    {
      "extension" : [{
        "url" : "code",
        "valueString" : "template-html"
      },
      {
        "url" : "value",
        "valueString" : "template-page.html"
      }],
      "url" : "http://hl7.org/fhir/tools/StructureDefinition/ig-parameter"
    },
    {
      "extension" : [{
        "url" : "code",
        "valueString" : "template-md"
      },
      {
        "url" : "value",
        "valueString" : "template-page-md.html"
      }],
      "url" : "http://hl7.org/fhir/tools/StructureDefinition/ig-parameter"
    },
    {
      "extension" : [{
        "url" : "code",
        "valueString" : "apply-contact"
      },
      {
        "url" : "value",
        "valueString" : "true"
      }],
      "url" : "http://hl7.org/fhir/tools/StructureDefinition/ig-parameter"
    },
    {
      "extension" : [{
        "url" : "code",
        "valueString" : "apply-context"
      },
      {
        "url" : "value",
        "valueString" : "true"
      }],
      "url" : "http://hl7.org/fhir/tools/StructureDefinition/ig-parameter"
    },
    {
      "extension" : [{
        "url" : "code",
        "valueString" : "apply-copyright"
      },
      {
        "url" : "value",
        "valueString" : "true"
      }],
      "url" : "http://hl7.org/fhir/tools/StructureDefinition/ig-parameter"
    },
    {
      "extension" : [{
        "url" : "code",
        "valueString" : "apply-jurisdiction"
      },
      {
        "url" : "value",
        "valueString" : "true"
      }],
      "url" : "http://hl7.org/fhir/tools/StructureDefinition/ig-parameter"
    },
    {
      "extension" : [{
        "url" : "code",
        "valueString" : "apply-license"
      },
      {
        "url" : "value",
        "valueString" : "true"
      }],
      "url" : "http://hl7.org/fhir/tools/StructureDefinition/ig-parameter"
    },
    {
      "extension" : [{
        "url" : "code",
        "valueString" : "apply-publisher"
      },
      {
        "url" : "value",
        "valueString" : "true"
      }],
      "url" : "http://hl7.org/fhir/tools/StructureDefinition/ig-parameter"
    },
    {
      "extension" : [{
        "url" : "code",
        "valueString" : "apply-version"
      },
      {
        "url" : "value",
        "valueString" : "true"
      }],
      "url" : "http://hl7.org/fhir/tools/StructureDefinition/ig-parameter"
    },
    {
      "extension" : [{
        "url" : "code",
        "valueString" : "active-tables"
      },
      {
        "url" : "value",
        "valueString" : "true"
      }],
      "url" : "http://hl7.org/fhir/tools/StructureDefinition/ig-parameter"
    },
    {
      "extension" : [{
        "url" : "code",
        "valueString" : "fmm-definition"
      },
      {
        "url" : "value",
        "valueString" : "http://hl7.org/fhir/versions.html#maturity"
      }],
      "url" : "http://hl7.org/fhir/tools/StructureDefinition/ig-parameter"
    },
    {
      "extension" : [{
        "url" : "code",
        "valueString" : "propagate-status"
      },
      {
        "url" : "value",
        "valueString" : "true"
      }],
      "url" : "http://hl7.org/fhir/tools/StructureDefinition/ig-parameter"
    },
    {
      "extension" : [{
        "url" : "code",
        "valueString" : "excludelogbinaryformat"
      },
      {
        "url" : "value",
        "valueString" : "true"
      }],
      "url" : "http://hl7.org/fhir/tools/StructureDefinition/ig-parameter"
    },
    {
      "extension" : [{
        "url" : "code",
        "valueString" : "tabbed-snapshots"
      },
      {
        "url" : "value",
        "valueString" : "true"
      }],
      "url" : "http://hl7.org/fhir/tools/StructureDefinition/ig-parameter"
    },
    {
      "extension" : [{
        "url" : "code",
        "valueCode" : "copyrightyear"
      },
      {
        "url" : "value",
        "valueString" : "2023+"
      }],
      "url" : "http://hl7.org/fhir/tools/StructureDefinition/ig-parameter"
    },
    {
      "extension" : [{
        "url" : "code",
        "valueCode" : "releaselabel"
      },
      {
        "url" : "value",
        "valueString" : "ci-build"
      }],
      "url" : "http://hl7.org/fhir/tools/StructureDefinition/ig-parameter"
    },
    {
      "extension" : [{
        "url" : "code",
        "valueCode" : "special-url"
      },
      {
        "url" : "value",
        "valueString" : "http://cdebrowser.nci.nih.gov"
      }],
      "url" : "http://hl7.org/fhir/tools/StructureDefinition/ig-parameter"
    },
    {
      "extension" : [{
        "url" : "code",
        "valueCode" : "special-url"
      },
      {
        "url" : "value",
        "valueString" : "http://www.genenames.org/geneId"
      }],
      "url" : "http://hl7.org/fhir/tools/StructureDefinition/ig-parameter"
    },
    {
      "extension" : [{
        "url" : "code",
        "valueCode" : "special-url"
      },
      {
        "url" : "value",
        "valueString" : "http://www.glstring.org"
      }],
      "url" : "http://hl7.org/fhir/tools/StructureDefinition/ig-parameter"
    },
    {
      "extension" : [{
        "url" : "code",
        "valueCode" : "special-url"
      },
      {
        "url" : "value",
        "valueString" : "http://terminology.nmdp.org/codesystem/practitionerrole"
      }],
      "url" : "http://hl7.org/fhir/tools/StructureDefinition/ig-parameter"
    },
    {
      "extension" : [{
        "url" : "code",
        "valueCode" : "autoload-resources"
      },
      {
        "url" : "value",
        "valueString" : "true"
      }],
      "url" : "http://hl7.org/fhir/tools/StructureDefinition/ig-parameter"
    },
    {
      "extension" : [{
        "url" : "code",
        "valueCode" : "path-liquid"
      },
      {
        "url" : "value",
        "valueString" : "template/liquid"
      }],
      "url" : "http://hl7.org/fhir/tools/StructureDefinition/ig-parameter"
    },
    {
      "extension" : [{
        "url" : "code",
        "valueCode" : "path-liquid"
      },
      {
        "url" : "value",
        "valueString" : "input/liquid"
      }],
      "url" : "http://hl7.org/fhir/tools/StructureDefinition/ig-parameter"
    },
    {
      "extension" : [{
        "url" : "code",
        "valueCode" : "path-qa"
      },
      {
        "url" : "value",
        "valueString" : "temp/qa"
      }],
      "url" : "http://hl7.org/fhir/tools/StructureDefinition/ig-parameter"
    },
    {
      "extension" : [{
        "url" : "code",
        "valueCode" : "path-temp"
      },
      {
        "url" : "value",
        "valueString" : "temp/pages"
      }],
      "url" : "http://hl7.org/fhir/tools/StructureDefinition/ig-parameter"
    },
    {
      "extension" : [{
        "url" : "code",
        "valueCode" : "path-output"
      },
      {
        "url" : "value",
        "valueString" : "output"
      }],
      "url" : "http://hl7.org/fhir/tools/StructureDefinition/ig-parameter"
    },
    {
      "extension" : [{
        "url" : "code",
        "valueCode" : "path-suppressed-warnings"
      },
      {
        "url" : "value",
        "valueString" : "input/ignoreWarnings.txt"
      }],
      "url" : "http://hl7.org/fhir/tools/StructureDefinition/ig-parameter"
    },
    {
      "extension" : [{
        "url" : "code",
        "valueCode" : "path-history"
      },
      {
        "url" : "value",
        "valueString" : "http://example.org/ig/exampleig/history.html"
      }],
      "url" : "http://hl7.org/fhir/tools/StructureDefinition/ig-parameter"
    },
    {
      "extension" : [{
        "url" : "code",
        "valueCode" : "template-html"
      },
      {
        "url" : "value",
        "valueString" : "template-page.html"
      }],
      "url" : "http://hl7.org/fhir/tools/StructureDefinition/ig-parameter"
    },
    {
      "extension" : [{
        "url" : "code",
        "valueCode" : "template-md"
      },
      {
        "url" : "value",
        "valueString" : "template-page-md.html"
      }],
      "url" : "http://hl7.org/fhir/tools/StructureDefinition/ig-parameter"
    },
    {
      "extension" : [{
        "url" : "code",
        "valueCode" : "apply-contact"
      },
      {
        "url" : "value",
        "valueString" : "true"
      }],
      "url" : "http://hl7.org/fhir/tools/StructureDefinition/ig-parameter"
    },
    {
      "extension" : [{
        "url" : "code",
        "valueCode" : "apply-context"
      },
      {
        "url" : "value",
        "valueString" : "true"
      }],
      "url" : "http://hl7.org/fhir/tools/StructureDefinition/ig-parameter"
    },
    {
      "extension" : [{
        "url" : "code",
        "valueCode" : "apply-copyright"
      },
      {
        "url" : "value",
        "valueString" : "true"
      }],
      "url" : "http://hl7.org/fhir/tools/StructureDefinition/ig-parameter"
    },
    {
      "extension" : [{
        "url" : "code",
        "valueCode" : "apply-jurisdiction"
      },
      {
        "url" : "value",
        "valueString" : "true"
      }],
      "url" : "http://hl7.org/fhir/tools/StructureDefinition/ig-parameter"
    },
    {
      "extension" : [{
        "url" : "code",
        "valueCode" : "apply-license"
      },
      {
        "url" : "value",
        "valueString" : "true"
      }],
      "url" : "http://hl7.org/fhir/tools/StructureDefinition/ig-parameter"
    },
    {
      "extension" : [{
        "url" : "code",
        "valueCode" : "apply-publisher"
      },
      {
        "url" : "value",
        "valueString" : "true"
      }],
      "url" : "http://hl7.org/fhir/tools/StructureDefinition/ig-parameter"
    },
    {
      "extension" : [{
        "url" : "code",
        "valueCode" : "apply-version"
      },
      {
        "url" : "value",
        "valueString" : "true"
      }],
      "url" : "http://hl7.org/fhir/tools/StructureDefinition/ig-parameter"
    },
    {
      "extension" : [{
        "url" : "code",
        "valueCode" : "active-tables"
      },
      {
        "url" : "value",
        "valueString" : "true"
      }],
      "url" : "http://hl7.org/fhir/tools/StructureDefinition/ig-parameter"
    },
    {
      "extension" : [{
        "url" : "code",
        "valueCode" : "fmm-definition"
      },
      {
        "url" : "value",
        "valueString" : "http://hl7.org/fhir/versions.html#maturity"
      }],
      "url" : "http://hl7.org/fhir/tools/StructureDefinition/ig-parameter"
    },
    {
      "extension" : [{
        "url" : "code",
        "valueCode" : "propagate-status"
      },
      {
        "url" : "value",
        "valueString" : "true"
      }],
      "url" : "http://hl7.org/fhir/tools/StructureDefinition/ig-parameter"
    },
    {
      "extension" : [{
        "url" : "code",
        "valueCode" : "excludelogbinaryformat"
      },
      {
        "url" : "value",
        "valueString" : "true"
      }],
      "url" : "http://hl7.org/fhir/tools/StructureDefinition/ig-parameter"
    },
    {
      "extension" : [{
        "url" : "code",
        "valueCode" : "tabbed-snapshots"
      },
      {
        "url" : "value",
        "valueString" : "true"
      }],
      "url" : "http://hl7.org/fhir/tools/StructureDefinition/ig-parameter"
    }],
    "resource" : [{
      "extension" : [{
        "url" : "http://hl7.org/fhir/tools/StructureDefinition/resource-information",
        "valueString" : "StructureDefinition:resource"
      }],
      "reference" : {
        "reference" : "StructureDefinition/cmv-observation"
      },
      "name" : "CMVObservation",
      "description" : "An example profile of the observation resource which requires a subject that is a MyPatient instance.",
      "exampleBoolean" : false
    },
    {
      "extension" : [{
        "url" : "http://hl7.org/fhir/tools/StructureDefinition/resource-information",
        "valueString" : "StructureDefinition:resource"
      }],
      "reference" : {
        "reference" : "StructureDefinition/cmv-presence-observation"
      },
      "name" : "CMVPresenceObservation",
      "description" : "An example profile of the observation resource which requires a subject that is a MyPatient instance.",
      "exampleBoolean" : false
    },
    {
      "extension" : [{
        "url" : "http://hl7.org/fhir/tools/StructureDefinition/resource-information",
        "valueString" : "StructureDefinition:resource"
      }],
      "reference" : {
        "reference" : "StructureDefinition/my-bundle"
      },
      "name" : "My Bundle",
      "description" : "Collection Bundle",
      "exampleBoolean" : false
    },
    {
      "extension" : [{
        "url" : "http://hl7.org/fhir/tools/StructureDefinition/resource-information",
        "valueString" : "StructureDefinition:resource"
      }],
      "reference" : {
        "reference" : "StructureDefinition/MyCIBMTRPatient"
      },
      "name" : "MyCIBMTRPatient",
      "description" : "An example profile on the US Core Patient profile.",
      "exampleBoolean" : false
    },
    {
      "extension" : [{
        "url" : "http://hl7.org/fhir/tools/StructureDefinition/resource-information",
        "valueString" : "StructureDefinition:resource"
      }],
      "reference" : {
        "reference" : "StructureDefinition/my-diagnosis"
      },
      "name" : "MyDiagnosis",
      "description" : "Diagnosis of hematopoietic disorder",
      "exampleBoolean" : false
    },
    {
      "extension" : [{
        "url" : "http://hl7.org/fhir/tools/StructureDefinition/resource-information",
        "valueString" : "StructureDefinition:resource"
      }],
      "reference" : {
        "reference" : "StructureDefinition/my-observation"
      },
      "name" : "MyObservation",
      "description" : "An example profile of the observation resource which requires a subject that is a MyPatient instance.",
      "exampleBoolean" : false
    },
    {
      "extension" : [{
        "url" : "http://hl7.org/fhir/tools/StructureDefinition/resource-information",
        "valueString" : "StructureDefinition:resource"
      }],
      "reference" : {
        "reference" : "StructureDefinition/my-patient"
      },
      "name" : "MyPatient",
      "description" : "An example profile of the Patient resource.",
      "exampleBoolean" : false
    },
    {
      "extension" : [{
        "url" : "http://hl7.org/fhir/tools/StructureDefinition/resource-information",
        "valueString" : "StructureDefinition:resource"
      }],
      "reference" : {
        "reference" : "StructureDefinition/MyTestPatient"
      },
      "name" : "MyTestPatient",
      "description" : "An example profile on the US Core Patient profile.",
      "exampleBoolean" : false
    },
    {
      "extension" : [{
        "url" : "http://hl7.org/fhir/tools/StructureDefinition/resource-information",
        "valueString" : "StructureDefinition:resource"
      }],
      "reference" : {
        "reference" : "StructureDefinition/MyUSCorePatient"
      },
      "name" : "MyUSCorePatient",
      "description" : "An example profile on the US Core Patient profile.",
      "exampleBoolean" : false
    },
    {
      "extension" : [{
        "url" : "http://hl7.org/fhir/tools/StructureDefinition/resource-information",
        "valueString" : "StructureDefinition:extension"
      }],
      "reference" : {
        "reference" : "StructureDefinition/number-of-remissions"
      },
      "name" : "Number of Remissions of Diagnosis",
      "description" : "Number of Remissions of Diagnosis",
      "exampleBoolean" : false
    },
    {
      "extension" : [{
        "url" : "http://hl7.org/fhir/tools/StructureDefinition/resource-information",
        "valueString" : "ValueSet"
      }],
      "reference" : {
        "reference" : "ValueSet/cmv-presence-vs"
      },
      "name" : "CMV Presence ValueSet",
      "description" : "Cytomegalovirus [Presence] ValueSet.",
      "exampleBoolean" : false
    },
    {
      "extension" : [{
        "url" : "http://hl7.org/fhir/tools/StructureDefinition/resource-information",
        "valueString" : "ValueSet"
      }],
      "reference" : {
        "reference" : "ValueSet/cmv-vs"
      },
      "name" : "CMV ValueSet",
      "description" : "Cytomegalovirus ValueSet",
      "exampleBoolean" : false
    },
    {
      "extension" : [{
        "url" : "http://hl7.org/fhir/tools/StructureDefinition/resource-information",
        "valueString" : "ValueSet"
      }],
      "reference" : {
        "reference" : "ValueSet/gvhd-icd10-codes"
      },
      "name" : "GVHD ICD-10 Codes",
      "description" : "GVHD ICD-10 Codes",
      "exampleBoolean" : false
    },
    {
      "extension" : [{
        "url" : "http://hl7.org/fhir/tools/StructureDefinition/resource-information",
        "valueString" : "ValueSet"
      }],
      "reference" : {
        "reference" : "ValueSet/gvhd-sct-codes"
      },
      "name" : "GVHD SNOMED CT Codes",
      "description" : "GVHD SNOMED CT Codes",
      "exampleBoolean" : false
    },
    {
      "extension" : [{
        "url" : "http://hl7.org/fhir/tools/StructureDefinition/resource-information",
        "valueString" : "ValueSet"
      }],
      "reference" : {
        "reference" : "ValueSet/gvhd-all-valueset"
      },
      "name" : "GVHD Type Value Set",
      "description" : "Permissible values for types of Graft vs Host Disease, from SNOMED CT and ICD-10",
      "exampleBoolean" : false
    },
    {
      "extension" : [{
        "url" : "http://hl7.org/fhir/tools/StructureDefinition/resource-information",
        "valueString" : "ValueSet"
      }],
      "reference" : {
        "reference" : "ValueSet/hematopoietic-disorder-vs"
      },
      "name" : "Disorders of hematopoietic structure",
      "description" : "SNOMED: Disorders of hematopoietic structure",
      "exampleBoolean" : false
    },
    {
      "extension" : [{
        "url" : "http://hl7.org/fhir/tools/StructureDefinition/resource-information",
        "valueString" : "ValueSet"
      }],
      "reference" : {
        "reference" : "ValueSet/presence-lnc-valueset"
      },
      "name" : "Presence Answer List - LOINC",
      "description" : "Permissible values for presence - LOINC",
      "exampleBoolean" : false
    },
    {
      "extension" : [{
        "url" : "http://hl7.org/fhir/tools/StructureDefinition/resource-information",
        "valueString" : "ValueSet"
      }],
      "reference" : {
        "reference" : "ValueSet/presence-sct-valueset"
      },
      "name" : "Presence Answer List - Snomed CT",
      "description" : "Permissible values for presence - Snomed CT",
      "exampleBoolean" : false
    },
    {
      "extension" : [{
        "url" : "http://hl7.org/fhir/tools/StructureDefinition/resource-information",
        "valueString" : "ValueSet"
      }],
      "reference" : {
        "reference" : "ValueSet/presence-valueset"
      },
      "name" : "Presence Answer List - Snomed and LOINC",
      "description" : "Permissible values for presence, from Snomed CT and LOINC",
      "exampleBoolean" : false
    },
    {
      "extension" : [{
        "url" : "http://hl7.org/fhir/tools/StructureDefinition/resource-information",
        "valueString" : "CodeSystem"
      }],
      "reference" : {
        "reference" : "CodeSystem/glstring-cs"
      },
      "name" : "Genotype List String Code CodeSystem",
      "description" : "Genotype List String Codesystem used for HLA reporting",
      "exampleBoolean" : false
    },
    {
      "extension" : [{
        "url" : "http://hl7.org/fhir/tools/StructureDefinition/resource-information",
        "valueString" : "CodeSystem"
      }],
      "reference" : {
        "reference" : "CodeSystem/cibmtr-cadsr-vm-cs"
      },
      "name" : "NIH Common Data Element Value Meanings for GVHD",
      "description" : "NIH Common Data Element Value Meanings for GVHD",
      "exampleBoolean" : false
    },
    {
      "extension" : [{
        "url" : "http://hl7.org/fhir/tools/StructureDefinition/resource-information",
        "valueString" : "CodeSystem"
      }],
      "reference" : {
        "reference" : "CodeSystem/hla-genename-cs"
      },
      "name" : "HLA HGNC GeneID CodeSystem",
      "description" : "CodeSystem of HLA gene group subset of HGNC GeneId Codesystem",
      "exampleBoolean" : false
    },
    {
      "extension" : [{
        "url" : "http://hl7.org/fhir/tools/StructureDefinition/resource-information",
        "valueString" : "CodeSystem"
      }],
      "reference" : {
        "reference" : "CodeSystem/nmdp-practitioner-role-cs"
      },
      "name" : "NMDP Practitioner Roles",
      "description" : "NMDP Practitioner Roles",
      "exampleBoolean" : false
    },
    {
      "extension" : [{
        "url" : "http://hl7.org/fhir/tools/StructureDefinition/resource-information",
        "valueString" : "Bundle"
      }],
      "reference" : {
        "reference" : "Bundle/BundleCollectionExample"
      },
      "name" : "BundleCollectionExample",
      "description" : "Bundle Example",
      "exampleCanonical" : "http://example.org/ig/exampleig/StructureDefinition/my-bundle"
    },
    {
      "extension" : [{
        "url" : "http://hl7.org/fhir/tools/StructureDefinition/resource-information",
        "valueString" : "Bundle"
      }],
      "reference" : {
        "reference" : "Bundle/BundleTransactionExample"
      },
      "name" : "BundleTransactionExample",
      "description" : "Bundle Example",
      "exampleCanonical" : "http://example.org/ig/exampleig/StructureDefinition/my-bundle"
    },
    {
      "extension" : [{
        "url" : "http://hl7.org/fhir/tools/StructureDefinition/resource-information",
        "valueString" : "Observation"
      }],
      "reference" : {
        "reference" : "Observation/CMVObservationExample"
      },
      "name" : "CMVObservationExample",
      "description" : "Example of CMV Observations",
      "exampleCanonical" : "http://example.org/ig/exampleig/StructureDefinition/cmv-observation"
    },
    {
      "extension" : [{
        "url" : "http://hl7.org/fhir/tools/StructureDefinition/resource-information",
        "valueString" : "Observation"
      }],
      "reference" : {
        "reference" : "Observation/CMVObservationPresenceExample"
      },
      "name" : "CMVObservationPresenceExample",
      "description" : "Example of CMV Observations",
      "exampleCanonical" : "http://example.org/ig/exampleig/StructureDefinition/cmv-presence-observation"
    },
    {
      "extension" : [{
        "url" : "http://hl7.org/fhir/tools/StructureDefinition/resource-information",
        "valueString" : "Condition"
      }],
      "reference" : {
        "reference" : "Condition/DiagnosisExample-AML"
      },
      "name" : "DiagnosisExample-AML",
      "description" : "Example of a Diagnois: AML",
      "exampleCanonical" : "http://example.org/ig/exampleig/StructureDefinition/my-diagnosis"
    },
    {
      "extension" : [{
        "url" : "http://hl7.org/fhir/tools/StructureDefinition/resource-information",
        "valueString" : "Patient"
      }],
      "reference" : {
        "reference" : "Patient/MyCIBMTRPatientExample"
      },
      "name" : "MyCIBMTRPatientExample",
      "description" : "An example of a patient with a license to krill.",
      "exampleCanonical" : "http://example.org/ig/exampleig/StructureDefinition/MyCIBMTRPatient"
    },
    {
      "extension" : [{
        "url" : "http://hl7.org/fhir/tools/StructureDefinition/resource-information",
        "valueString" : "Patient"
      }],
      "reference" : {
        "reference" : "Patient/MyTestPatientExample"
      },
      "name" : "MyTestPatientExample",
      "description" : "An example of a patient with a license to krill.",
      "exampleCanonical" : "http://example.org/ig/exampleig/StructureDefinition/MyTestPatient"
    },
    {
      "extension" : [{
        "url" : "http://hl7.org/fhir/tools/StructureDefinition/resource-information",
        "valueString" : "Patient"
      }],
      "reference" : {
        "reference" : "Patient/MyUSCorePatientExample"
      },
      "name" : "MyUSCorePatientExample",
      "description" : "An example of a patient with a license to krill.",
      "exampleCanonical" : "http://example.org/ig/exampleig/StructureDefinition/MyUSCorePatient"
    },
    {
      "extension" : [{
        "url" : "http://hl7.org/fhir/tools/StructureDefinition/resource-information",
        "valueString" : "Observation"
      }],
      "reference" : {
        "reference" : "Observation/ObservationExample1"
      },
      "name" : "ObservationExample1",
      "description" : "An example of a MyObservation with a subject. This is required since the profile constrains this element.",
      "exampleCanonical" : "http://example.org/ig/exampleig/StructureDefinition/my-observation"
    },
    {
      "extension" : [{
        "url" : "http://hl7.org/fhir/tools/StructureDefinition/resource-information",
        "valueString" : "Observation"
      }],
      "reference" : {
        "reference" : "Observation/ObservationExample2"
      },
      "name" : "ObservationExample2",
      "description" : "An example of a base Observation without a subject. The base resource doesn't require a subject.",
      "exampleBoolean" : true
    },
    {
      "extension" : [{
        "url" : "http://hl7.org/fhir/tools/StructureDefinition/resource-information",
        "valueString" : "Observation"
      }],
      "reference" : {
        "reference" : "Observation/ObservationExample3"
      },
      "name" : "ObservationExample3",
      "description" : "An example of an instance MyObservation with a subject. This profile requires a subject.",
      "exampleCanonical" : "http://example.org/ig/exampleig/StructureDefinition/my-observation"
    },
    {
      "extension" : [{
        "url" : "http://hl7.org/fhir/tools/StructureDefinition/resource-information",
        "valueString" : "Patient"
      }],
      "reference" : {
        "reference" : "Patient/PatientExample"
      },
      "name" : "PatientExample",
      "description" : "An example of a patient with a license to krill.",
      "exampleCanonical" : "http://example.org/ig/exampleig/StructureDefinition/my-patient"
    }],
    "page" : {
      "extension" : [{
        "url" : "http://hl7.org/fhir/tools/StructureDefinition/ig-page-name",
        "valueUrl" : "toc.html"
      }],
      "nameUrl" : "toc.html",
      "title" : "Table of Contents",
      "generation" : "html",
      "page" : [{
        "extension" : [{
          "url" : "http://hl7.org/fhir/tools/StructureDefinition/ig-page-name",
          "valueUrl" : "index.html"
        }],
        "nameUrl" : "index.html",
        "title" : "Home",
        "generation" : "markdown"
      },
      {
        "extension" : [{
          "url" : "http://hl7.org/fhir/tools/StructureDefinition/ig-page-name",
          "valueUrl" : "MyGuidance.html"
        }],
        "nameUrl" : "MyGuidance.html",
        "title" : "My Guidance",
        "generation" : "markdown"
      }]
    },
    "parameter" : [{
      "code" : "path-resource",
      "value" : "input/capabilities"
    },
    {
      "code" : "path-resource",
      "value" : "input/examples"
    },
    {
      "code" : "path-resource",
      "value" : "input/extensions"
    },
    {
      "code" : "path-resource",
      "value" : "input/models"
    },
    {
      "code" : "path-resource",
      "value" : "input/operations"
    },
    {
      "code" : "path-resource",
      "value" : "input/profiles"
    },
    {
      "code" : "path-resource",
      "value" : "input/resources"
    },
    {
      "code" : "path-resource",
      "value" : "input/vocabulary"
    },
    {
      "code" : "path-resource",
      "value" : "input/maps"
    },
    {
      "code" : "path-resource",
      "value" : "input/testing"
    },
    {
      "code" : "path-resource",
      "value" : "input/history"
    },
    {
      "code" : "path-resource",
      "value" : "fsh-generated/resources"
    },
    {
      "code" : "path-pages",
      "value" : "template/config"
    },
    {
      "code" : "path-pages",
      "value" : "input/images"
    },
    {
      "code" : "path-tx-cache",
      "value" : "input-cache/txcache"
    }]
  }
}