{
  "resourceType" : "Patient",
  "id" : "MyTestPatientExample",
  "meta" : {
    "profile" : ["http://example.org/ig/example/StructureDefinition/MyTestPatient"]
  },
  "text" : {
    "status" : "generated",
    "div" : "<div xmlns=\"http://www.w3.org/1999/xhtml\"><p style=\"border: 1px #661aff solid; background-color: #e6e6ff; padding: 10px;\"><b>Anonymous Patient</b> (no stated gender), DoB Unknown ( id:\u00a0123456)</p><hr/><table class=\"grid\"><tr><td style=\"background-color: #f3f5da\" title=\"Other Ids (see the one above)\">Other Ids:</td><td colspan=\"3\"><ul><li>id:\u00a0abc</li><li>id:\u00a0123</li></ul></td></tr></table></div>"
  },
  "identifier" : [{
    "system" : "http://myexample.org/identifier/myid",
    "value" : "123456"
  },
  {
    "system" : "http://example.org/mrn",
    "value" : "abc"
  },
  {
    "system" : "http://anotherexample.org/mrn",
    "value" : "123"
  }]
}