{"resourceType":"ValueSet","id":"gvhd-all-valueset","text":{"status":"generated","div":"<div xmlns=\"http://www.w3.org/1999/xhtml\"><p>This value set includes codes based on the following rules:</p><ul><li>Import all the codes that are contained in <a href=\"ValueSet-gvhd-sct-codes.html\">GVHD SNOMED CT Codes</a></li><li>Import all the codes that are contained in <a href=\"ValueSet-gvhd-icd10-codes.html\">GVHD ICD-10 Codes</a></li></ul></div>"},"url":"http://example.org/ig/exampleig/ValueSet/gvhd-all-valueset","version":"0.1.0","name":"GVHDTypeValueSet","title":"GVHD Type Value Set","status":"active","experimental":true,"date":"2023-05-02T11:07:11-05:00","publisher":"Example Publisher","contact":[{"name":"Example Publisher","telecom":[{"system":"url","value":"http://example.org/example-publisher"}]}],"description":"Permissible values for types of Graft vs Host Disease, from SNOMED CT and ICD-10","compose":{"include":[{"valueSet":["http://example.org/ig/exampleig/ValueSet/gvhd-sct-codes"]},{"valueSet":["http://example.org/ig/exampleig/ValueSet/gvhd-icd10-codes"]}]}}