{"resourceType":"ValueSet","id":"presence-lnc-valueset","text":{"status":"generated","div":"<div xmlns=\"http://www.w3.org/1999/xhtml\"><ul><li>Include these codes as defined in <a href=\"http://loinc.org\"><code>http://loinc.org</code></a><table class=\"none\"><tr><td style=\"white-space:nowrap\"><b>Code</b></td><td><b>Display</b></td></tr><tr><td><a href=\"https://loinc.org/LA9633-4/\">LA9633-4</a></td><td>Present</td></tr><tr><td><a href=\"https://loinc.org/LA9634-2/\">LA9634-2</a></td><td>Absent</td></tr></table></li></ul></div>"},"url":"http://example.org/ig/exampleig/ValueSet/presence-lnc-valueset","version":"0.1.0","name":"PresenceLNCValueSet","title":"Presence Answer List - LOINC","status":"active","experimental":true,"date":"2023-05-02T14:37:40-05:00","publisher":"Example Publisher","contact":[{"name":"Example Publisher","telecom":[{"system":"url","value":"http://example.org/example-publisher"}]}],"description":"Permissible values for presence - LOINC","compose":{"include":[{"system":"http://loinc.org","concept":[{"code":"LA9633-4","display":"Present"},{"code":"LA9634-2","display":"Absent"}]}]}}