{"resourceType":"ValueSet","id":"cmv-vs","text":{"status":"generated","div":"<div xmlns=\"http://www.w3.org/1999/xhtml\"><ul><li>Include these codes as defined in <a href=\"http://loinc.org\"><code>http://loinc.org</code></a><table class=\"none\"><tr><td style=\"white-space:nowrap\"><b>Code</b></td><td><b>Display</b></td></tr><tr><td><a href=\"https://loinc.org/10391-1/\">10391-1</a></td><td>Cytomegalovirus immune globulin given [Volume]</td></tr><tr><td><a href=\"https://loinc.org/13225-8/\">13225-8</a></td><td>Cytomegalovirus IgG Ab [Units/volume] in Serum or Plasma --1st specimen</td></tr><tr><td><a href=\"https://loinc.org/13949-3/\">13949-3</a></td><td>Cytomegalovirus IgG Ab [Presence] in Serum or Plasma by Immunoassay</td></tr><tr><td><a href=\"https://loinc.org/15377-5/\">15377-5</a></td><td>Cytomegalovirus Ab [Presence] in Serum by Latex agglutination</td></tr><tr><td><a href=\"https://loinc.org/16714-8/\">16714-8</a></td><td>Cytomegalovirus Ab [Units/volume] in Serum by Latex agglutination</td></tr><tr><td><a href=\"https://loinc.org/16715-5/\">16715-5</a></td><td>Cytomegalovirus IgG Ab [Units/volume] in Serum or Plasma by Immunofluorescence</td></tr><tr><td><a href=\"https://loinc.org/16716-3/\">16716-3</a></td><td>Cytomegalovirus IgG Ab [Units/volume] in Serum or Plasma by Immunoassay --2nd specimen</td></tr><tr><td><a href=\"https://loinc.org/16718-9/\">16718-9</a></td><td>Cytomegalovirus Ag [Presence] in Blood</td></tr><tr><td><a href=\"https://loinc.org/20475-0/\">20475-0</a></td><td>Cytomegalovirus IgG Ab [Interpretation] in Serum or Plasma</td></tr><tr><td><a href=\"https://loinc.org/22239-8/\">22239-8</a></td><td>Cytomegalovirus Ab [Presence] in Serum or Plasma</td></tr><tr><td><a href=\"https://loinc.org/22241-4/\">22241-4</a></td><td>Cytomegalovirus Ab [Titer] in Serum or Plasma</td></tr><tr><td><a href=\"https://loinc.org/22244-8/\">22244-8</a></td><td>Cytomegalovirus IgG Ab [Presence] in Serum or Plasma</td></tr><tr><td><a href=\"https://loinc.org/22246-3/\">22246-3</a></td><td>Cytomegalovirus IgG Ab [Titer] in Serum or Plasma</td></tr><tr><td><a href=\"https://loinc.org/22247-1/\">22247-1</a></td><td>Cytomegalovirus IgG Ab [Units/volume] in Serum or Plasma --2nd specimen</td></tr><tr><td><a href=\"https://loinc.org/22249-7/\">22249-7</a></td><td>Cytomegalovirus IgM Ab [Titer] in Serum or Plasma</td></tr><tr><td><a href=\"https://loinc.org/24119-0/\">24119-0</a></td><td>Cytomegalovirus IgM Ab [Presence] in Serum or Plasma by Immunoassay</td></tr><tr><td><a href=\"https://loinc.org/28008-1/\">28008-1</a></td><td>Cytomegalovirus DNA [Presence] in Blood by Probe with signal amplification</td></tr><tr><td><a href=\"https://loinc.org/29590-7/\">29590-7</a></td><td>Cytomegalovirus DNA [Mass/volume] (viral load) in Blood by Probe</td></tr><tr><td><a href=\"https://loinc.org/29604-6/\">29604-6</a></td><td>Cytomegalovirus DNA [#/volume] (viral load) in Blood by NAA with probe detection</td></tr><tr><td><a href=\"https://loinc.org/30246-3/\">30246-3</a></td><td>Cytomegalovirus DNA [Presence] in Serum or Plasma by NAA with probe detection</td></tr><tr><td><a href=\"https://loinc.org/30247-1/\">30247-1</a></td><td>Cytomegalovirus DNA [#/volume] (viral load) in Serum or Plasma by NAA with probe detection</td></tr><tr><td><a href=\"https://loinc.org/30325-5/\">30325-5</a></td><td>Cytomegalovirus IgM Ab [Presence] in Serum or Plasma</td></tr><tr><td><a href=\"https://loinc.org/31795-8/\">31795-8</a></td><td>Cytomegalovirus Ag [Presence] in Serum or Plasma</td></tr><tr><td><a href=\"https://loinc.org/32170-3/\">32170-3</a></td><td>Cytomegalovirus Ab [Titer] in Serum or Plasma by Immunofluorescence</td></tr><tr><td><a href=\"https://loinc.org/32791-6/\">32791-6</a></td><td>Cytomegalovirus IgG Ab [Ratio] in Serum or Plasma by Immunoassay --1st specimen/2nd specimen</td></tr><tr><td><a href=\"https://loinc.org/32835-1/\">32835-1</a></td><td>Cytomegalovirus IgG Ab [Ratio] in Serum or Plasma --1st specimen/2nd specimen</td></tr><tr><td><a href=\"https://loinc.org/43703-8/\">43703-8</a></td><td>Cytomegalovirus [Presence] in Blood by Shell vial culture</td></tr><tr><td><a href=\"https://loinc.org/49349-4/\">49349-4</a></td><td>Cytomegalovirus DNA [#/volume] (viral load) in Bronchoalveolar lavage by NAA with probe detection</td></tr><tr><td><a href=\"https://loinc.org/49539-0/\">49539-0</a></td><td>Cytomegalovirus IgM Ab [Presence] in Serum or Plasma by Immunofluorescence</td></tr><tr><td><a href=\"https://loinc.org/4996-5/\">4996-5</a></td><td>Cytomegalovirus DNA [Presence] in Blood by NAA with probe detection</td></tr><tr><td><a href=\"https://loinc.org/5121-9/\">5121-9</a></td><td>Cytomegalovirus Ab [Titer] in Serum or Plasma by Latex agglutination</td></tr><tr><td><a href=\"https://loinc.org/5122-7/\">5122-7</a></td><td>Cytomegalovirus Ab [Units/volume] in Serum or Plasma by Immunofluorescence</td></tr><tr><td><a href=\"https://loinc.org/5124-3/\">5124-3</a></td><td>Cytomegalovirus IgG Ab [Units/volume] in Serum or Plasma by Immunoassay</td></tr><tr><td><a href=\"https://loinc.org/5125-0/\">5125-0</a></td><td>Cytomegalovirus IgG Ab [Titer] in Serum or Plasma by Immunofluorescence</td></tr><tr><td><a href=\"https://loinc.org/5126-8/\">5126-8</a></td><td>Cytomegalovirus IgM Ab [Units/volume] in Serum or Plasma by Immunoassay</td></tr><tr><td><a href=\"https://loinc.org/5127-6/\">5127-6</a></td><td>Cytomegalovirus IgM Ab [Titer] in Serum or Plasma by Immunofluorescence</td></tr><tr><td><a href=\"https://loinc.org/52976-8/\">52976-8</a></td><td>Cytomegalovirus Ab [Units/volume] in Serum by Complement fixation</td></tr><tr><td><a href=\"https://loinc.org/52984-2/\">52984-2</a></td><td>Cytomegalovirus IgG Ab avidity [Ratio] in Serum or Plasma by Immunoassay</td></tr><tr><td><a href=\"https://loinc.org/54164-9/\">54164-9</a></td><td>Cytomegalovirus immediate-early Ag [Presence] in Blood</td></tr><tr><td><a href=\"https://loinc.org/54206-8/\">54206-8</a></td><td>Cytomegalovirus DNA [Log #/volume] (viral load) in Serum or Plasma by NAA with probe detection</td></tr><tr><td><a href=\"https://loinc.org/5835-4/\">5835-4</a></td><td>Cytomegalovirus [Presence] in Blood by Organism specific culture</td></tr><tr><td><a href=\"https://loinc.org/59838-3/\">59838-3</a></td><td>Cytomegalovirus Ab [Presence] in Serum or Plasma by Latex agglutination</td></tr><tr><td><a href=\"https://loinc.org/6376-8/\">6376-8</a></td><td>Cytomegalovirus Ag [Presence] in Serum or Plasma by Immunoassay</td></tr><tr><td><a href=\"https://loinc.org/6377-6/\">6377-6</a></td><td>Cytomegalovirus Ag [Presence] in Serum or Plasma by Immunofluorescence</td></tr><tr><td><a href=\"https://loinc.org/67805-2/\">67805-2</a></td><td>Cytomegalovirus Ag [Presence] in Isolate by Immunofluorescence</td></tr><tr><td><a href=\"https://loinc.org/72493-0/\">72493-0</a></td><td>Cytomegalovirus DNA [Units/volume] (viral load) in Plasma by NAA with probe detection</td></tr><tr><td><a href=\"https://loinc.org/72494-8/\">72494-8</a></td><td>Cytomegalovirus DNA [log units/volume] (viral load) in Plasma by NAA with probe detection</td></tr><tr><td><a href=\"https://loinc.org/78445-4/\">78445-4</a></td><td>Cytomegalovirus IgG Ab avidity [Presence] in Serum or Plasma by Immunoassay</td></tr><tr><td><a href=\"https://loinc.org/7851-9/\">7851-9</a></td><td>Cytomegalovirus Ab [Units/volume] in Serum or Plasma</td></tr><tr><td><a href=\"https://loinc.org/7852-7/\">7852-7</a></td><td>Cytomegalovirus IgG Ab [Units/volume] in Serum or Plasma</td></tr><tr><td><a href=\"https://loinc.org/7853-5/\">7853-5</a></td><td>Cytomegalovirus IgM Ab [Units/volume] in Serum or Plasma</td></tr><tr><td><a href=\"https://loinc.org/87424-8/\">87424-8</a></td><td>Cytomegalovirus IgG and IgM panel - Serum or Plasma Qualitative</td></tr><tr><td><a href=\"https://loinc.org/88535-0/\">88535-0</a></td><td>Cytomegalovirus DNA [Presence] in DBS by NAA with probe detection</td></tr><tr><td><a href=\"https://loinc.org/88545-9/\">88545-9</a></td><td>Cytomegalovirus DNA [#/volume] (viral load) in DBS by NAA with probe detection</td></tr><tr><td><a href=\"https://loinc.org/9513-3/\">9513-3</a></td><td>Cytomegalovirus Ab [Titer] in Serum by Complement fixation</td></tr><tr><td><a href=\"https://loinc.org/95184-8/\">95184-8</a></td><td>Cytomegalovirus T-cell immunodeficiency panel - Blood by Flow cytometry (FC)</td></tr></table></li></ul></div>"},"url":"http://example.org/ig/exampleig/ValueSet/cmv-vs","version":"0.1.0","name":"CMVValueSet","title":"CMV ValueSet","status":"active","experimental":true,"date":"2023-04-27T15:51:23-05:00","publisher":"Example Publisher","contact":[{"name":"Example Publisher","telecom":[{"system":"url","value":"http://example.org/example-publisher"}]}],"description":"Cytomegalovirus ValueSet","compose":{"include":[{"system":"http://loinc.org","concept":[{"code":"10391-1","display":"Cytomegalovirus immune globulin given [Volume]"},{"code":"13225-8","display":"Cytomegalovirus IgG Ab [Units/volume] in Serum or Plasma --1st specimen"},{"code":"13949-3","display":"Cytomegalovirus IgG Ab [Presence] in Serum or Plasma by Immunoassay"},{"code":"15377-5","display":"Cytomegalovirus Ab [Presence] in Serum by Latex agglutination"},{"code":"16714-8","display":"Cytomegalovirus Ab [Units/volume] in Serum by Latex agglutination"},{"code":"16715-5","display":"Cytomegalovirus IgG Ab [Units/volume] in Serum or Plasma by Immunofluorescence"},{"code":"16716-3","display":"Cytomegalovirus IgG Ab [Units/volume] in Serum or Plasma by Immunoassay --2nd specimen"},{"code":"16718-9","display":"Cytomegalovirus Ag [Presence] in Blood"},{"code":"20475-0","display":"Cytomegalovirus IgG Ab [Interpretation] in Serum or Plasma"},{"code":"22239-8","display":"Cytomegalovirus Ab [Presence] in Serum or Plasma"},{"code":"22241-4","display":"Cytomegalovirus Ab [Titer] in Serum or Plasma"},{"code":"22244-8","display":"Cytomegalovirus IgG Ab [Presence] in Serum or Plasma"},{"code":"22246-3","display":"Cytomegalovirus IgG Ab [Titer] in Serum or Plasma"},{"code":"22247-1","display":"Cytomegalovirus IgG Ab [Units/volume] in Serum or Plasma --2nd specimen"},{"code":"22249-7","display":"Cytomegalovirus IgM Ab [Titer] in Serum or Plasma"},{"code":"24119-0","display":"Cytomegalovirus IgM Ab [Presence] in Serum or Plasma by Immunoassay"},{"code":"28008-1","display":"Cytomegalovirus DNA [Presence] in Blood by Probe with signal amplification"},{"code":"29590-7","display":"Cytomegalovirus DNA [Mass/volume] (viral load) in Blood by Probe"},{"code":"29604-6","display":"Cytomegalovirus DNA [#/volume] (viral load) in Blood by NAA with probe detection"},{"code":"30246-3","display":"Cytomegalovirus DNA [Presence] in Serum or Plasma by NAA with probe detection"},{"code":"30247-1","display":"Cytomegalovirus DNA [#/volume] (viral load) in Serum or Plasma by NAA with probe detection"},{"code":"30325-5","display":"Cytomegalovirus IgM Ab [Presence] in Serum or Plasma"},{"code":"31795-8","display":"Cytomegalovirus Ag [Presence] in Serum or Plasma"},{"code":"32170-3","display":"Cytomegalovirus Ab [Titer] in Serum or Plasma by Immunofluorescence"},{"code":"32791-6","display":"Cytomegalovirus IgG Ab [Ratio] in Serum or Plasma by Immunoassay --1st specimen/2nd specimen"},{"code":"32835-1","display":"Cytomegalovirus IgG Ab [Ratio] in Serum or Plasma --1st specimen/2nd specimen"},{"code":"43703-8","display":"Cytomegalovirus [Presence] in Blood by Shell vial culture"},{"code":"49349-4","display":"Cytomegalovirus DNA [#/volume] (viral load) in Bronchoalveolar lavage by NAA with probe detection"},{"code":"49539-0","display":"Cytomegalovirus IgM Ab [Presence] in Serum or Plasma by Immunofluorescence"},{"code":"4996-5","display":"Cytomegalovirus DNA [Presence] in Blood by NAA with probe detection"},{"code":"5121-9","display":"Cytomegalovirus Ab [Titer] in Serum or Plasma by Latex agglutination"},{"code":"5122-7","display":"Cytomegalovirus Ab [Units/volume] in Serum or Plasma by Immunofluorescence"},{"code":"5124-3","display":"Cytomegalovirus IgG Ab [Units/volume] in Serum or Plasma by Immunoassay"},{"code":"5125-0","display":"Cytomegalovirus IgG Ab [Titer] in Serum or Plasma by Immunofluorescence"},{"code":"5126-8","display":"Cytomegalovirus IgM Ab [Units/volume] in Serum or Plasma by Immunoassay"},{"code":"5127-6","display":"Cytomegalovirus IgM Ab [Titer] in Serum or Plasma by Immunofluorescence"},{"code":"52976-8","display":"Cytomegalovirus Ab [Units/volume] in Serum by Complement fixation"},{"code":"52984-2","display":"Cytomegalovirus IgG Ab avidity [Ratio] in Serum or Plasma by Immunoassay"},{"code":"54164-9","display":"Cytomegalovirus immediate-early Ag [Presence] in Blood"},{"code":"54206-8","display":"Cytomegalovirus DNA [Log #/volume] (viral load) in Serum or Plasma by NAA with probe detection"},{"code":"5835-4","display":"Cytomegalovirus [Presence] in Blood by Organism specific culture"},{"code":"59838-3","display":"Cytomegalovirus Ab [Presence] in Serum or Plasma by Latex agglutination"},{"code":"6376-8","display":"Cytomegalovirus Ag [Presence] in Serum or Plasma by Immunoassay"},{"code":"6377-6","display":"Cytomegalovirus Ag [Presence] in Serum or Plasma by Immunofluorescence"},{"code":"67805-2","display":"Cytomegalovirus Ag [Presence] in Isolate by Immunofluorescence"},{"code":"72493-0","display":"Cytomegalovirus DNA [Units/volume] (viral load) in Plasma by NAA with probe detection"},{"code":"72494-8","display":"Cytomegalovirus DNA [log units/volume] (viral load) in Plasma by NAA with probe detection"},{"code":"78445-4","display":"Cytomegalovirus IgG Ab avidity [Presence] in Serum or Plasma by Immunoassay"},{"code":"7851-9","display":"Cytomegalovirus Ab [Units/volume] in Serum or Plasma"},{"code":"7852-7","display":"Cytomegalovirus IgG Ab [Units/volume] in Serum or Plasma"},{"code":"7853-5","display":"Cytomegalovirus IgM Ab [Units/volume] in Serum or Plasma"},{"code":"87424-8","display":"Cytomegalovirus IgG and IgM panel - Serum or Plasma Qualitative"},{"code":"88535-0","display":"Cytomegalovirus DNA [Presence] in DBS by NAA with probe detection"},{"code":"88545-9","display":"Cytomegalovirus DNA [#/volume] (viral load) in DBS by NAA with probe detection"},{"code":"9513-3","display":"Cytomegalovirus Ab [Titer] in Serum by Complement fixation"},{"code":"95184-8","display":"Cytomegalovirus T-cell immunodeficiency panel - Blood by Flow cytometry (FC)"}]}]}}